-- phpMyAdmin SQL Dump
-- version 5.2.2
-- https://www.phpmyadmin.net/
--
-- Host: localhost:3306
-- Generation Time: Dec 21, 2025 at 12:27 AM
-- Server version: 11.4.9-MariaDB
-- PHP Version: 8.4.16

SET SQL_MODE = "NO_AUTO_VALUE_ON_ZERO";
START TRANSACTION;
SET time_zone = "+00:00";


/*!40101 SET @OLD_CHARACTER_SET_CLIENT=@@CHARACTER_SET_CLIENT */;
/*!40101 SET @OLD_CHARACTER_SET_RESULTS=@@CHARACTER_SET_RESULTS */;
/*!40101 SET @OLD_COLLATION_CONNECTION=@@COLLATION_CONNECTION */;
/*!40101 SET NAMES utf8mb4 */;

--
-- Database: `corndogm_corndogmaxx`
--

-- --------------------------------------------------------

--
-- Table structure for table `cache`
--

CREATE TABLE `cache` (
  `key` varchar(255) NOT NULL,
  `value` mediumtext NOT NULL,
  `expiration` int(11) NOT NULL
) ENGINE=InnoDB DEFAULT CHARSET=utf8mb4 COLLATE=utf8mb4_unicode_ci;

--
-- Dumping data for table `cache`
--

INSERT INTO `cache` (`key`, `value`, `expiration`) VALUES
('laravel_cache_77de68daecd823babbb58edb1c8e14d7106e83bb', 'i:1;', 1765904044),
('laravel_cache_77de68daecd823babbb58edb1c8e14d7106e83bb:timer', 'i:1765904044;', 1765904044),
('laravel_cache_d8257c1d95b3291d8551919af4e138f82bfea790', 'i:1;', 1763567815),
('laravel_cache_d8257c1d95b3291d8551919af4e138f82bfea790:timer', 'i:1763567815;', 1763567815);

-- --------------------------------------------------------

--
-- Table structure for table `cache_locks`
--

CREATE TABLE `cache_locks` (
  `key` varchar(255) NOT NULL,
  `owner` varchar(255) NOT NULL,
  `expiration` int(11) NOT NULL
) ENGINE=InnoDB DEFAULT CHARSET=utf8mb4 COLLATE=utf8mb4_unicode_ci;

-- --------------------------------------------------------

--
-- Table structure for table `itemPesanan`
--

CREATE TABLE `itemPesanan` (
  `idItem` bigint(20) UNSIGNED NOT NULL,
  `idPesanan` bigint(20) UNSIGNED NOT NULL,
  `idMenu` bigint(20) UNSIGNED NOT NULL,
  `idTopping` bigint(20) UNSIGNED DEFAULT NULL,
  `jumlahPesanan` int(11) NOT NULL,
  `catatanPesanan` text DEFAULT NULL,
  `created_at` timestamp NULL DEFAULT NULL,
  `updated_at` timestamp NULL DEFAULT NULL
) ENGINE=InnoDB DEFAULT CHARSET=utf8mb4 COLLATE=utf8mb4_unicode_ci;

--
-- Dumping data for table `itemPesanan`
--

INSERT INTO `itemPesanan` (`idItem`, `idPesanan`, `idMenu`, `idTopping`, `jumlahPesanan`, `catatanPesanan`, `created_at`, `updated_at`) VALUES
(12, 8, 1, 1, 1, NULL, '2025-10-22 10:29:18', '2025-10-22 10:29:18'),
(13, 10, 1, NULL, 1, '', '2025-10-22 13:34:32', '2025-10-22 13:34:32'),
(14, 11, 1, NULL, 1, '', '2025-10-22 13:34:44', '2025-10-22 13:34:44'),
(15, 12, 2, NULL, 1, '', '2025-10-22 13:46:32', '2025-10-22 13:46:32'),
(16, 13, 1, NULL, 1, '', '2025-10-22 13:53:41', '2025-10-22 13:53:41'),
(17, 14, 1, 1, 1, '', '2025-10-22 14:44:34', '2025-10-22 14:44:34'),
(18, 15, 2, 1, 1, '', '2025-10-22 15:01:27', '2025-10-22 15:01:27'),
(19, 16, 1, 1, 1, '', '2025-10-22 15:09:34', '2025-10-22 15:09:34'),
(20, 17, 1, 2, 1, '', '2025-10-22 15:22:38', '2025-10-22 15:22:38'),
(21, 18, 1, 1, 1, '', '2025-10-22 15:33:56', '2025-10-22 15:33:56'),
(23, 20, 1, 2, 1, '', '2025-10-22 16:00:19', '2025-10-22 16:00:19'),
(24, 21, 1, 1, 1, '', '2025-10-22 16:02:13', '2025-10-22 16:02:13'),
(25, 22, 1, 2, 1, '', '2025-10-22 19:41:14', '2025-10-22 19:41:14'),
(26, 23, 2, 1, 1, NULL, '2025-10-22 19:42:27', '2025-10-22 19:42:27'),
(27, 24, 1, 2, 1, '', '2025-10-23 07:21:04', '2025-10-23 07:21:04'),
(28, 25, 1, 3, 1, '', '2025-10-29 02:43:45', '2025-10-29 02:43:45'),
(29, 26, 2, 1, 1, '', '2025-10-29 03:21:12', '2025-10-29 03:21:12'),
(30, 27, 2, 1, 1, '', '2025-10-29 03:32:29', '2025-10-29 03:32:29'),
(31, 28, 1, 1, 1, '', '2025-10-29 03:44:38', '2025-10-29 03:44:38'),
(32, 29, 1, 1, 1, '', '2025-10-29 04:18:14', '2025-10-29 04:18:14'),
(33, 30, 2, 2, 1, '', '2025-10-29 04:19:41', '2025-10-29 04:19:41'),
(34, 31, 1, 3, 1, '', '2025-10-29 04:27:20', '2025-10-29 04:27:20'),
(35, 32, 1, 1, 1, '', '2025-10-29 05:41:17', '2025-10-29 05:41:17'),
(36, 33, 1, 1, 1, '', '2025-10-29 05:41:41', '2025-10-29 05:41:41'),
(37, 34, 1, 3, 1, '', '2025-10-29 05:42:55', '2025-10-29 05:42:55'),
(38, 35, 2, 2, 1, '', '2025-10-29 05:44:41', '2025-10-29 05:44:41'),
(39, 36, 2, 3, 1, '', '2025-10-29 05:57:24', '2025-10-29 05:57:24'),
(40, 37, 1, 2, 1, NULL, '2025-10-29 05:59:15', '2025-10-29 05:59:15'),
(41, 38, 1, 1, 1, '', '2025-10-29 06:17:40', '2025-10-29 06:17:40'),
(42, 39, 2, 1, 1, '', '2025-10-30 11:00:10', '2025-10-30 11:00:10'),
(43, 40, 1, 1, 1, '', '2025-10-30 11:02:56', '2025-10-30 11:02:56'),
(44, 41, 2, NULL, 1, '', '2025-11-05 08:09:39', '2025-11-05 08:09:39'),
(45, 41, 1, NULL, 1, '', '2025-11-05 08:09:39', '2025-11-05 08:09:39'),
(46, 42, 1, NULL, 1, '', '2025-11-05 08:24:18', '2025-11-05 08:24:18'),
(47, 42, 2, NULL, 1, '', '2025-11-05 08:24:18', '2025-11-05 08:24:18'),
(48, 43, 2, NULL, 1, '', '2025-11-05 08:28:56', '2025-11-05 08:28:56'),
(49, 44, 2, NULL, 1, '', '2025-11-05 08:30:02', '2025-11-05 08:30:02'),
(50, 45, 2, 2, 1, NULL, '2025-11-05 10:00:37', '2025-11-05 10:00:37'),
(51, 46, 2, 3, 1, NULL, '2025-11-05 10:11:57', '2025-11-05 10:11:57'),
(52, 47, 2, 2, 1, NULL, '2025-11-05 11:10:19', '2025-11-05 11:10:19'),
(53, 48, 1, 1, 1, 'saosnya sedikit aja', '2025-11-05 11:10:54', '2025-11-05 11:10:54'),
(54, 49, 2, 1, 1, NULL, '2025-11-05 11:19:08', '2025-11-05 11:19:08'),
(55, 50, 2, NULL, 1, '', '2025-11-05 11:20:08', '2025-11-05 11:20:08'),
(56, 51, 2, NULL, 1, '', '2025-11-05 12:12:13', '2025-11-05 12:12:13'),
(57, 52, 1, 1, 1, 'tanpa mayo', '2025-11-05 13:51:43', '2025-11-05 13:51:43'),
(58, 53, 2, NULL, 1, '', '2025-11-05 15:00:53', '2025-11-05 15:00:53'),
(59, 53, 2, NULL, 1, '', '2025-11-05 15:00:53', '2025-11-05 15:00:53'),
(60, 54, 1, 1, 1, '', '2025-11-06 00:12:58', '2025-11-06 00:12:58'),
(61, 57, 1, NULL, 1, 'aa', '2025-11-11 19:31:46', '2025-11-11 19:31:46'),
(62, 58, 1, NULL, 1, 'aa', '2025-11-11 19:31:54', '2025-11-11 19:31:54'),
(63, 59, 5, 6, 1, '', '2025-11-12 00:06:48', '2025-11-12 00:06:48'),
(64, 60, 5, 3, 1, 'fd', '2025-11-12 00:07:51', '2025-11-12 00:07:51'),
(65, 61, 5, 6, 1, '', '2025-11-12 00:09:09', '2025-11-12 00:09:09'),
(66, 62, 5, 3, 1, 'sd', '2025-11-12 00:25:05', '2025-11-12 00:25:05'),
(67, 63, 5, 5, 1, '', '2025-11-12 00:32:16', '2025-11-12 00:32:16'),
(68, 64, 5, 1, 2, '', '2025-11-12 12:00:36', '2025-11-12 12:00:36'),
(69, 65, 5, 1, 1, '', '2025-11-12 12:01:41', '2025-11-12 12:01:41'),
(70, 66, 1, 3, 1, NULL, '2025-11-12 13:02:51', '2025-11-12 13:02:51'),
(71, 66, 2, 2, 1, NULL, '2025-11-12 13:02:51', '2025-11-12 13:02:51'),
(72, 67, 2, 5, 1, 'Tolong topping dipisah yah', '2025-11-12 13:11:46', '2025-11-12 13:11:46'),
(73, 68, 4, 1, 1, 'pake emas 24k', '2025-11-12 13:19:26', '2025-11-12 13:19:26'),
(74, 69, 2, 5, 1, NULL, '2025-11-12 13:39:57', '2025-11-12 13:39:57'),
(75, 70, 4, 1, 1, '', '2025-11-12 14:14:41', '2025-11-12 14:14:41'),
(76, 71, 1, 1, 1, '', '2025-11-12 14:21:47', '2025-11-12 14:21:47'),
(77, 72, 5, 4, 1, '', '2025-11-12 17:04:37', '2025-11-12 17:04:37'),
(78, 76, 4, 1, 1, '', '2025-11-12 17:39:16', '2025-11-12 17:39:16'),
(79, 81, 5, 1, 1, '', '2025-11-12 17:45:14', '2025-11-12 17:45:14'),
(80, 82, 3, 1, 1, '', '2025-11-12 17:47:44', '2025-11-12 17:47:44'),
(81, 83, 3, 1, 1, '', '2025-11-12 23:55:46', '2025-11-12 23:55:46'),
(82, 84, 1, 2, 1, '', '2025-11-16 16:33:16', '2025-11-16 16:33:16'),
(83, 85, 5, 1, 1, '', '2025-11-17 12:15:47', '2025-11-17 12:15:47'),
(84, 86, 5, 1, 1, '', '2025-11-17 12:21:50', '2025-11-17 12:21:50'),
(85, 87, 1, 1, 1, '', '2025-11-17 14:05:07', '2025-11-17 14:05:07'),
(86, 88, 4, 1, 1, '', '2025-11-17 14:06:43', '2025-11-17 14:06:43'),
(87, 89, 5, 1, 1, '', '2025-11-17 14:16:40', '2025-11-17 14:16:40'),
(88, 90, 5, 1, 1, '', '2025-11-17 14:44:42', '2025-11-17 14:44:42'),
(89, 91, 4, 1, 1, '', '2025-11-17 15:01:32', '2025-11-17 15:01:32'),
(90, 92, 1, 3, 1, '', '2025-11-19 15:56:00', '2025-11-19 15:56:00'),
(91, 93, 5, 1, 1, 'sausnya sedikit saja', '2025-11-19 15:59:39', '2025-11-19 15:59:39'),
(92, 94, 5, 5, 2, NULL, '2025-11-19 16:03:42', '2025-11-19 16:03:42'),
(93, 94, 5, 2, 1, NULL, '2025-11-19 16:03:42', '2025-11-19 16:03:42'),
(94, 95, 4, NULL, 1, '', '2025-11-22 19:02:10', '2025-11-22 19:02:10'),
(95, 96, 3, NULL, 1, '', '2025-11-22 19:21:37', '2025-11-22 19:21:37'),
(96, 97, 3, 7, 1, '', '2025-11-22 19:26:13', '2025-11-22 19:26:13'),
(97, 98, 4, 4, 1, '', '2025-11-24 06:04:38', '2025-11-24 06:04:38'),
(98, 99, 4, 1, 1, '', '2025-11-24 06:06:39', '2025-11-24 06:06:39'),
(99, 100, 3, 2, 1, '', '2025-12-16 14:56:35', '2025-12-16 14:56:35'),
(100, 101, 3, 4, 1, '', '2025-12-16 16:53:09', '2025-12-16 16:53:09'),
(101, 102, 4, 5, 1, '', '2025-12-16 18:01:07', '2025-12-16 18:01:07'),
(102, 103, 5, 2, 1, '', '2025-12-16 18:01:54', '2025-12-16 18:01:54'),
(103, 104, 5, 1, 1, '', '2025-12-16 18:03:24', '2025-12-16 18:03:24'),
(104, 105, 4, 1, 1, '', '2025-12-16 18:23:41', '2025-12-16 18:23:41'),
(105, 106, 5, 4, 1, '', '2025-12-17 11:00:29', '2025-12-17 11:00:29'),
(106, 107, 4, 1, 1, '', '2025-12-17 14:56:22', '2025-12-17 14:56:22'),
(107, 108, 1, 1, 1, '', '2025-12-17 15:26:03', '2025-12-17 15:26:03');

-- --------------------------------------------------------

--
-- Table structure for table `menu`
--

CREATE TABLE `menu` (
  `idMenu` bigint(20) UNSIGNED NOT NULL,
  `namaMenu` varchar(255) NOT NULL,
  `hargaProduk` int(11) NOT NULL,
  `created_at` timestamp NULL DEFAULT NULL,
  `updated_at` timestamp NULL DEFAULT NULL
) ENGINE=InnoDB DEFAULT CHARSET=utf8mb4 COLLATE=utf8mb4_unicode_ci;

--
-- Dumping data for table `menu`
--

INSERT INTO `menu` (`idMenu`, `namaMenu`, `hargaProduk`, `created_at`, `updated_at`) VALUES
(1, 'Corndog Sosis Kentang', 20000, NULL, NULL),
(2, 'Corndog Mozzarela', 20000, NULL, NULL),
(3, 'Corndog Sosis', 15000, NULL, NULL),
(4, 'Corndog Mix Sosis Mozzarela', 15000, NULL, NULL),
(5, 'Corndog Mozzarela Kentang', 20000, NULL, NULL);

-- --------------------------------------------------------

--
-- Table structure for table `migrations`
--

CREATE TABLE `migrations` (
  `id` int(10) UNSIGNED NOT NULL,
  `migration` varchar(255) NOT NULL,
  `batch` int(11) NOT NULL
) ENGINE=InnoDB DEFAULT CHARSET=utf8mb4 COLLATE=utf8mb4_unicode_ci;

--
-- Dumping data for table `migrations`
--

INSERT INTO `migrations` (`id`, `migration`, `batch`) VALUES
(1, '0001_01_01_000000_create_users_table', 1),
(2, '0001_01_01_000001_create_cache_table', 1),
(3, '0001_01_01_000002_create_jobs_table', 1),
(4, '2025_09_22_145432_add_two_factor_columns_to_users_table', 1),
(5, '2025_10_15_151606_create_pelanggan_table', 1),
(6, '2025_10_15_152209_create_menu_table', 1),
(7, '2025_10_15_152712_create_topping_table', 1),
(8, '2025_10_15_152828_create_stok_table', 1),
(9, '2025_10_15_153036_create_keranjang_table', 1),
(10, '2025_10_15_153148_create_detail_keranjang_table', 1),
(11, '2025_10_15_153307_create_pesanan_table', 1),
(12, '2025_10_15_153522_create_item_pesanan_table', 1),
(13, '2025_10_15_153608_create_pembayaran_table', 1),
(14, '2025_10_29_084940_add_total_pembayaran_to_pesanan_table', 2);

-- --------------------------------------------------------

--
-- Table structure for table `pelanggan`
--

CREATE TABLE `pelanggan` (
  `idPelanggan` bigint(20) UNSIGNED NOT NULL,
  `namaPelanggan` varchar(255) NOT NULL,
  `alamat` varchar(255) DEFAULT NULL,
  `noHP` varchar(20) NOT NULL,
  `created_at` timestamp NULL DEFAULT NULL,
  `updated_at` timestamp NULL DEFAULT NULL
) ENGINE=InnoDB DEFAULT CHARSET=utf8mb4 COLLATE=utf8mb4_unicode_ci;

--
-- Dumping data for table `pelanggan`
--

INSERT INTO `pelanggan` (`idPelanggan`, `namaPelanggan`, `alamat`, `noHP`, `created_at`, `updated_at`) VALUES
(8, 'ry', NULL, '8799789789', '2025-10-22 10:29:18', '2025-10-22 10:29:18'),
(9, 't', NULL, '0', '2025-10-22 19:42:27', '2025-10-22 19:42:27'),
(10, 'cuy', 'jl ano', '-', '2025-10-29 02:29:33', '2025-10-29 02:29:33'),
(11, 'iyo', 'jl aja', '-', '2025-10-29 02:36:25', '2025-10-29 02:36:25'),
(12, 'Guest-2644', '-', '-', '2025-10-29 03:16:46', '2025-10-29 03:16:46'),
(13, 'ano', 'jl ya', '-', '2025-10-29 03:22:13', '2025-10-29 03:22:13'),
(14, 'Guest-4719', '-', '-', '2025-10-29 03:26:02', '2025-10-29 03:26:02'),
(15, 'huft', 'jl aditama', '-', '2025-10-29 03:30:48', '2025-10-29 03:30:48'),
(16, 'rory', 'aster', '-', '2025-10-29 03:44:19', '2025-10-29 03:44:19'),
(17, 'jose', 'kusi', '-', '2025-10-29 04:17:03', '2025-10-29 04:17:03'),
(18, 'Guest-5348', '-', '-', '2025-10-29 04:19:31', '2025-10-29 04:19:31'),
(19, 'andi', 'jl meru', '-', '2025-10-29 04:27:05', '2025-10-29 04:27:05'),
(20, 'Guest-1059', '-', '-', '2025-10-29 04:55:42', '2025-10-29 04:55:42'),
(21, 'minion', 'jl meh', '-', '2025-10-29 05:40:05', '2025-10-29 05:40:05'),
(22, 'noir', 'my', '-', '2025-10-29 05:42:36', '2025-10-29 05:42:36'),
(23, 'una', 'ya', '-', '2025-10-29 05:44:30', '2025-10-29 05:44:30'),
(24, 'Guest-3097', '-', '-', '2025-10-29 05:57:12', '2025-10-29 05:57:12'),
(25, 'ua', NULL, '0877777777', '2025-10-29 05:59:15', '2025-10-29 05:59:15'),
(26, 'rory', 'jl gang jalak 3', '-', '2025-10-29 06:17:09', '2025-10-29 06:17:09'),
(27, 'Guest-6217', '-', '-', '2025-10-30 10:59:01', '2025-10-30 10:59:01'),
(28, 'shakira', 'asterloka', '-', '2025-10-30 11:02:05', '2025-10-30 11:02:05'),
(29, 'ror', 'anu', '-', '2025-11-05 06:20:33', '2025-11-05 06:20:33'),
(30, 'Guest-4392', '-', '-', '2025-11-05 06:36:41', '2025-11-05 06:36:41'),
(31, 'Guest-5063', '-', '-', '2025-11-05 07:53:54', '2025-11-05 07:53:54'),
(32, 'Guest-6077', '-', '-', '2025-11-05 08:09:07', '2025-11-05 08:09:07'),
(33, 'yuk', '-', '08888888', '2025-11-05 08:23:55', '2025-11-05 08:24:18'),
(34, 'Guest-5411', '-', '-', '2025-11-05 08:28:48', '2025-11-05 08:28:48'),
(35, 'Guest-8939', '-', '-', '2025-11-05 08:29:55', '2025-11-05 08:29:55'),
(36, 'Guest-3161', '-', '-', '2025-11-05 08:56:04', '2025-11-05 08:56:04'),
(37, 'nunu', 'yesir', '-', '2025-11-05 09:04:02', '2025-11-05 09:04:02'),
(38, 'Guest-1699', '-', '-', '2025-11-05 09:48:37', '2025-11-05 09:48:37'),
(40, 'akali', '-', '-', '2025-11-05 10:00:37', '2025-11-05 10:00:37'),
(41, 'ahri', '-', '-', '2025-11-05 10:11:57', '2025-11-05 10:11:57'),
(42, 'viktor', '-', '-', '2025-11-05 11:10:19', '2025-11-05 11:10:19'),
(43, 'caitlyn', '-', '-', '2025-11-05 11:10:54', '2025-11-05 11:10:54'),
(44, 'galio', '-', '-', '2025-11-05 11:19:08', '2025-11-05 11:19:08'),
(45, 'irelia', '-', '', '2025-11-05 11:19:23', '2025-11-05 11:20:08'),
(46, 'renata', '-', '', '2025-11-05 11:39:30', '2025-11-05 12:12:13'),
(47, 'Guest-9207', '-', '-', '2025-11-05 12:12:59', '2025-11-05 12:12:59'),
(48, 'camille', 'asterloka', '-', '2025-11-05 13:32:05', '2025-11-05 13:32:05'),
(49, 'jarvan', 'bumi serpong', '-', '2025-11-05 13:34:00', '2025-11-05 13:34:00'),
(50, 'mel', 'bumi indah', '08888888', '2025-11-05 13:50:01', '2025-11-05 13:51:43'),
(51, 'Guest-5499', '-', '-', '2025-11-05 14:59:35', '2025-11-05 14:59:35'),
(52, 'heicarim', '-', '', '2025-11-05 14:59:50', '2025-11-05 15:00:53'),
(53, 'Guest-9217', '-', '-', '2025-11-05 15:24:03', '2025-11-05 15:24:03'),
(54, 'Guest-8032', '-', '-', '2025-11-05 17:05:13', '2025-11-05 17:05:13'),
(55, 'ashe', '-', '', '2025-11-06 00:12:41', '2025-11-06 00:12:58'),
(56, 'Guest-5170', '-', '-', '2025-11-06 00:21:29', '2025-11-06 00:21:29'),
(57, 'Guest-5209', '-', '-', '2025-11-06 02:42:25', '2025-11-06 02:42:25'),
(58, 'aa', '-', '', '2025-11-11 19:19:17', '2025-11-11 19:19:37'),
(59, 'aa', 'aa', '-', '2025-11-11 19:43:20', '2025-11-11 19:43:20'),
(60, 'Guest-3418', '-', '-', '2025-11-12 00:03:21', '2025-11-12 00:03:21'),
(61, 'yes', '-', '', '2025-11-12 00:06:00', '2025-11-12 00:06:48'),
(62, 'ar', '-', '-', '2025-11-12 00:07:51', '2025-11-12 00:07:51'),
(63, 'df', '-', '', '2025-11-12 00:08:56', '2025-11-12 00:09:09'),
(64, 'ards', 'yuhu', '-', '2025-11-12 00:22:11', '2025-11-12 00:22:11'),
(65, 'ko', 'jak', '08888888888', '2025-11-12 00:23:25', '2025-11-12 00:25:05'),
(66, 'hu', '-', '', '2025-11-12 00:31:54', '2025-11-12 00:32:16'),
(67, 'Guest-4925', '-', '-', '2025-11-12 02:36:52', '2025-11-12 02:36:52'),
(68, 'Guest-8381', '-', '-', '2025-11-12 03:27:02', '2025-11-12 03:27:02'),
(69, 'Guest-2393', '-', '-', '2025-11-12 03:28:56', '2025-11-12 03:28:56'),
(70, 'Guest-4769', '-', '-', '2025-11-12 05:03:06', '2025-11-12 05:03:06'),
(71, 'Meisya', '-', '', '2025-11-12 11:58:33', '2025-11-12 12:00:36'),
(72, 'jani', '-', '', '2025-11-12 11:58:56', '2025-11-12 12:01:41'),
(73, 'Vera ', '-', '-', '2025-11-12 13:02:51', '2025-11-12 13:02:51'),
(74, 'Inop', '-', '-', '2025-11-12 13:11:46', '2025-11-12 13:11:46'),
(75, 'Guest-4757', '-', '-', '2025-11-12 13:15:57', '2025-11-12 13:15:57'),
(76, 'Guest-5340', '-', '-', '2025-11-12 13:16:05', '2025-11-12 13:16:05'),
(77, 'rizkika', '-', '', '2025-11-12 13:17:30', '2025-11-12 13:19:14'),
(78, 'Guest-7090', '-', '-', '2025-11-12 13:25:05', '2025-11-12 13:25:05'),
(79, 'Nurul', '-', '-', '2025-11-12 13:39:57', '2025-11-12 13:39:57'),
(80, 'Febrio', '-', '', '2025-11-12 14:14:06', '2025-11-12 14:14:41'),
(81, 'nadya', '-', '', '2025-11-12 14:21:34', '2025-11-12 14:21:47'),
(82, 'alif', '-', '', '2025-11-12 17:02:52', '2025-11-12 17:04:24'),
(83, 'Tristan Ganteng', '-', '', '2025-11-12 17:35:45', '2025-11-12 17:36:36'),
(84, 'nino', '-', '', '2025-11-12 17:35:57', '2025-11-12 17:39:38'),
(85, 'Tristan Ganteng', '-', '', '2025-11-12 17:38:19', '2025-11-12 17:39:16'),
(86, 'Vivyy', '-', '', '2025-11-12 17:42:06', '2025-11-12 17:42:28'),
(87, 'rory', '-', '', '2025-11-12 17:44:43', '2025-11-12 17:45:14'),
(88, 'ardi', '-', '', '2025-11-12 17:47:05', '2025-11-12 17:47:44'),
(89, 'Guest-9274', '-', '-', '2025-11-12 17:56:33', '2025-11-12 17:56:33'),
(90, 'Guest-7788', '-', '-', '2025-11-12 17:57:58', '2025-11-12 17:57:58'),
(91, 'rory', '-', '', '2025-11-12 23:55:03', '2025-11-12 23:55:42'),
(92, 'Guest-5472', '-', '-', '2025-11-13 02:06:25', '2025-11-13 02:06:25'),
(93, 'Isni', 'Jl al ihsan', '-', '2025-11-13 02:08:42', '2025-11-13 02:08:42'),
(94, 'Guest-2185', '-', '-', '2025-11-13 02:11:57', '2025-11-13 02:11:57'),
(95, 'Guest-6046', '-', '-', '2025-11-13 02:14:21', '2025-11-13 02:14:21'),
(96, 'Isni', 'Jl al ihsan', '-', '2025-11-13 10:42:46', '2025-11-13 10:42:46'),
(97, 'Guest-5022', '-', '-', '2025-11-13 15:33:40', '2025-11-13 15:33:40'),
(98, 'Guest-5331', '-', '-', '2025-11-13 15:49:35', '2025-11-13 15:49:35'),
(99, 'Guest-9259', '-', '-', '2025-11-13 16:04:06', '2025-11-13 16:04:06'),
(100, 'Guest-7386', '-', '-', '2025-11-14 02:30:47', '2025-11-14 02:30:47'),
(101, 'Guest-3539', '-', '-', '2025-11-16 08:12:40', '2025-11-16 08:12:40'),
(102, 'ar', '-', '', '2025-11-16 16:32:55', '2025-11-16 16:33:16'),
(103, 'ar', 'gfd', '-', '2025-11-16 16:44:42', '2025-11-16 16:44:42'),
(104, 'Guest-8850', '-', '-', '2025-11-16 16:58:03', '2025-11-16 16:58:03'),
(105, 'fe', '-', '', '2025-11-17 08:34:33', '2025-11-17 08:49:28'),
(106, 'Guest-8157', '-', '-', '2025-11-17 10:18:20', '2025-11-17 10:18:20'),
(107, 'Guest-3819', '-', '-', '2025-11-17 10:21:13', '2025-11-17 10:21:13'),
(108, 'rory', 'adterloka', '-', '2025-11-17 10:58:20', '2025-11-17 10:58:20'),
(109, 'Guest-1660', '-', '-', '2025-11-17 11:08:38', '2025-11-17 11:08:38'),
(110, 'rory', 'asterloka', '088888888', '2025-11-17 11:51:16', '2025-11-17 12:15:47'),
(111, 'rory', '-', '', '2025-11-17 12:19:23', '2025-11-17 12:21:50'),
(112, 'Tiara', '-', '', '2025-11-17 14:04:43', '2025-11-17 14:05:07'),
(113, 'siska', '-', '', '2025-11-17 14:06:16', '2025-11-17 14:06:43'),
(114, 'Wahyu', '-', '', '2025-11-17 14:16:16', '2025-11-17 14:16:40'),
(115, 'Daniel', '-', '', '2025-11-17 14:44:07', '2025-11-17 14:44:42'),
(116, 'Farah', '-', '', '2025-11-17 15:01:05', '2025-11-17 15:01:32'),
(117, 'Guest-5297', '-', '-', '2025-11-18 04:26:23', '2025-11-18 04:26:23'),
(118, 'Guest-1688', '-', '-', '2025-11-18 17:43:56', '2025-11-18 17:43:56'),
(119, 'Guest-7603', '-', '-', '2025-11-18 17:43:56', '2025-11-18 17:43:56'),
(120, 'Guest-5572', '-', '-', '2025-11-18 17:44:38', '2025-11-18 17:44:38'),
(121, 'Guest-8039', '-', '-', '2025-11-18 17:44:55', '2025-11-18 17:44:55'),
(122, 'Guest-1071', '-', '-', '2025-11-19 07:32:20', '2025-11-19 07:32:20'),
(123, 'Guest-7787', '-', '-', '2025-11-19 15:42:46', '2025-11-19 15:42:46'),
(124, 'Guest-8071', '-', '-', '2025-11-19 15:43:04', '2025-11-19 15:43:04'),
(125, 'rory', 'Asterloka', '-', '2025-11-19 15:44:00', '2025-11-19 15:44:00'),
(126, 'Guest-2696', '-', '-', '2025-11-19 15:49:51', '2025-11-19 15:49:51'),
(127, 'Ahmad Rory', 'Asterloka no 5 rumah ujung warna biru', '087748383494', '2025-11-19 15:51:30', '2025-11-19 15:56:00'),
(128, 'rory', '-', '', '2025-11-19 15:58:24', '2025-11-19 15:59:39'),
(129, 'Guest-1980', '-', '-', '2025-11-19 16:01:17', '2025-11-19 16:01:17'),
(130, 'ror', '-', '-', '2025-11-19 16:03:42', '2025-11-19 16:03:42'),
(131, 'rory', '-', '', '2025-11-22 18:57:01', '2025-11-22 19:02:04'),
(132, 'rory', '-', '', '2025-11-22 19:18:01', '2025-11-22 19:21:37'),
(133, 'Guest-4948', '-', '-', '2025-11-22 19:25:05', '2025-11-22 19:25:05'),
(134, 'rory', '-', '', '2025-11-22 19:25:31', '2025-11-22 19:26:13'),
(135, 'rory', '-', '', '2025-11-24 05:54:02', '2025-11-24 06:04:38'),
(136, 'rory', 'asterloka', '087748383494', '2025-11-24 06:06:15', '2025-11-24 06:06:39'),
(137, 'Guest-3848', '-', '-', '2025-12-09 01:28:53', '2025-12-09 01:28:53'),
(138, 'Guest-9960', '-', '-', '2025-12-09 03:41:51', '2025-12-09 03:41:51'),
(139, 'rory', 'untar', '-', '2025-12-09 03:52:51', '2025-12-09 03:52:51'),
(140, 'Guest-1443', '-', '-', '2025-12-09 04:15:59', '2025-12-09 04:15:59'),
(141, 'Guest-4678', '-', '-', '2025-12-09 04:15:59', '2025-12-09 04:15:59'),
(142, 'Guest-1062', '-', '-', '2025-12-09 05:16:21', '2025-12-09 05:16:21'),
(143, 'rory', 'untar', '-', '2025-12-09 05:16:58', '2025-12-09 05:16:58'),
(144, 'rory', 'untar', '-', '2025-12-09 05:30:19', '2025-12-09 05:30:19'),
(145, 'oryr', '-', '', '2025-12-16 14:55:44', '2025-12-16 14:56:35'),
(146, 'rory', 'pager item', '087748383494', '2025-12-16 16:52:14', '2025-12-16 16:53:05'),
(147, 'yui', '-', '', '2025-12-16 18:00:44', '2025-12-16 18:01:07'),
(148, 'rei', 'mentok belok kiri', '087748383494', '2025-12-16 18:01:28', '2025-12-16 18:01:54'),
(149, 'najma', 'pojolk', '087774838384', '2025-12-16 18:03:00', '2025-12-16 18:03:24'),
(150, 'abuy', '-', '', '2025-12-16 18:23:23', '2025-12-16 18:23:41'),
(151, 'kei', 'rumah putih', '08774738393', '2025-12-17 10:59:07', '2025-12-17 11:00:28'),
(152, 'rory', '-', '', '2025-12-17 14:55:04', '2025-12-17 14:56:22'),
(153, 'rrr', 'efaf', '088888888888', '2025-12-17 15:25:42', '2025-12-17 15:26:02');

-- --------------------------------------------------------

--
-- Table structure for table `pembayaran`
--

CREATE TABLE `pembayaran` (
  `idPembayaran` bigint(20) UNSIGNED NOT NULL,
  `idPesanan` bigint(20) UNSIGNED NOT NULL,
  `metodePembayaran` varchar(255) NOT NULL,
  `statusPembayaran` varchar(255) NOT NULL DEFAULT 'Belum Dibayar',
  `buktiPembayaran` varchar(255) DEFAULT NULL,
  `created_at` timestamp NULL DEFAULT NULL,
  `updated_at` timestamp NULL DEFAULT NULL
) ENGINE=InnoDB DEFAULT CHARSET=utf8mb4 COLLATE=utf8mb4_unicode_ci;

--
-- Dumping data for table `pembayaran`
--

INSERT INTO `pembayaran` (`idPembayaran`, `idPesanan`, `metodePembayaran`, `statusPembayaran`, `buktiPembayaran`, `created_at`, `updated_at`) VALUES
(6, 8, 'Tunai', 'Sudah Dibayar', NULL, '2025-10-22 10:29:18', '2025-10-22 10:29:33'),
(7, 9, 'Tunai', 'Belum Dibayar', NULL, '2025-10-22 13:26:19', '2025-10-22 13:26:19'),
(8, 11, 'Tunai', 'Sudah Dibayar', NULL, '2025-10-22 13:34:44', '2025-10-22 13:43:53'),
(9, 12, 'Tunai', 'Sudah Dibayar', NULL, '2025-10-22 13:46:32', '2025-10-22 13:46:40'),
(10, 13, 'Tunai', 'Sudah Dibayar', NULL, '2025-10-22 13:53:41', '2025-10-22 13:53:48'),
(11, 14, 'Tunai', 'Sudah Dibayar', NULL, '2025-10-22 14:44:34', '2025-10-22 14:44:39'),
(12, 15, 'Tunai', 'Sudah Dibayar', NULL, '2025-10-22 15:01:27', '2025-10-22 15:01:34'),
(13, 16, 'Tunai', 'Sudah Dibayar', NULL, '2025-10-22 15:09:34', '2025-10-22 15:09:41'),
(14, 17, 'Tunai', 'Sudah Dibayar', NULL, '2025-10-22 15:22:38', '2025-10-22 15:29:09'),
(15, 18, 'Tunai', 'Sudah Dibayar', NULL, '2025-10-22 15:33:56', '2025-10-22 15:34:01'),
(17, 20, 'QRIS', 'Sudah Dibayar', 'bukti/DqDPQ4iphHQm0vo7fB42jsLnDQYcPLKYOv5mhLAg.png', '2025-10-22 16:00:19', '2025-10-22 16:00:33'),
(18, 21, 'QRIS', 'Sudah Dibayar', 'bukti/KlPMqNdceRDAzsaLAcsJRwrwmVltIvwMurRSatFC.jpg', '2025-10-22 16:02:13', '2025-10-22 16:02:24'),
(19, 22, 'Tunai', 'Sudah Dibayar', NULL, '2025-10-22 19:41:14', '2025-10-22 19:41:34'),
(20, 23, 'Tunai', 'Belum Dibayar', NULL, '2025-10-22 19:42:27', '2025-10-22 19:42:27'),
(21, 24, 'QRIS', 'Sudah Dibayar', 'bukti/wDIRRJw9QSrkWcW2M0XH527W3zvwGjoKs3Vw64B2.jpg', '2025-10-23 07:21:04', '2025-10-23 07:21:14'),
(22, 25, 'QRIS', 'Belum Dibayar', 'bukti/ygisVFxjqQxdIXgSI2IzISmvsKW31hqA89RkOtGN.jpg', '2025-10-29 02:43:45', '2025-10-29 02:43:45'),
(23, 26, 'QRIS', 'Sudah Dibayar', 'bukti/nSi0A02AyEIgCBBVoDoKddH9hvAWDkYSt0QLKLoQ.png', '2025-10-29 03:21:12', '2025-10-29 03:21:33'),
(24, 27, 'QRIS', 'Sudah Dibayar', 'bukti/hn3LEKg6X3MwknWCoBWtu6w6Zhx1Xt5DF2TcIJhG.png', '2025-10-29 03:32:29', '2025-10-29 03:32:42'),
(25, 28, 'Tunai', 'Sudah Dibayar', NULL, '2025-10-29 03:44:38', '2025-10-29 03:44:48'),
(26, 29, 'QRIS', 'Sudah Dibayar', 'bukti/ES2i4mwOpX15zCnsqt2oYZAtanPRD4UOTz2EVLlZ.jpg', '2025-10-29 04:18:14', '2025-10-29 04:18:41'),
(27, 30, 'Tunai', 'Sudah Dibayar', NULL, '2025-10-29 04:19:41', '2025-10-29 04:19:49'),
(28, 31, 'Tunai', 'Sudah Dibayar', NULL, '2025-10-29 04:27:20', '2025-10-29 04:27:41'),
(29, 33, 'QRIS', 'Belum Dibayar', 'bukti/HVrxV6BbS0QwHHmPFuiJh3XRtDJ4Ec0zLrYx7FzN.jpg', '2025-10-29 05:41:41', '2025-10-29 05:41:41'),
(30, 34, 'QRIS', 'Belum Dibayar', 'bukti/OI6BoM1IGfCQWztMcffHMqaIWbl3sXzhE8OHEHJ5.jpg', '2025-10-29 05:42:55', '2025-10-29 05:42:55'),
(31, 35, 'QRIS', 'Belum Dibayar', 'bukti/sLCxIUhGmtonvyQWSk9OggVe4poUx2CbHkjd83Sp.png', '2025-10-29 05:44:41', '2025-10-29 05:44:41'),
(32, 36, 'Tunai', 'Sudah Dibayar', NULL, '2025-10-29 05:57:24', '2025-10-29 05:57:31'),
(33, 37, 'Tunai', 'Sudah Dibayar', NULL, '2025-10-29 05:59:15', '2025-10-29 05:59:25'),
(34, 38, 'QRIS', 'Sudah Dibayar', 'bukti/LKyMtUfFcONMSf9fl5oaKbH5GdI7EcmI2Oni6o3p.png', '2025-10-29 06:17:40', '2025-10-29 06:18:06'),
(35, 39, 'QRIS', 'Sudah Dibayar', 'bukti/LPbFr2HFhawJhNwYZKPYq5ZCqscgmOZ00IQ7xTH2.png', '2025-10-30 11:00:10', '2025-10-30 11:00:42'),
(36, 40, 'Tunai', 'Sudah Dibayar', NULL, '2025-10-30 11:02:56', '2025-10-30 11:03:08'),
(37, 41, 'Tunai', 'Belum Dibayar', NULL, '2025-11-05 08:09:39', '2025-11-05 08:09:39'),
(38, 42, 'Tunai', 'Sudah Dibayar', NULL, '2025-11-05 08:24:18', '2025-11-05 08:25:43'),
(39, 43, 'Tunai', 'Belum Dibayar', NULL, '2025-11-05 08:28:56', '2025-11-05 08:28:56'),
(40, 44, 'Tunai', 'Belum Dibayar', NULL, '2025-11-05 08:30:02', '2025-11-05 08:30:02'),
(41, 45, 'QRIS', 'Belum Dibayar', NULL, '2025-11-05 10:00:37', '2025-11-05 10:00:37'),
(42, 46, 'QRIS', 'Belum Dibayar', NULL, '2025-11-05 10:11:57', '2025-11-05 10:11:57'),
(43, 47, 'QRIS', 'Belum Dibayar', NULL, '2025-11-05 11:10:19', '2025-11-05 11:10:19'),
(44, 48, 'Tunai', 'Belum Dibayar', NULL, '2025-11-05 11:10:54', '2025-11-05 11:10:54'),
(45, 49, 'Tunai', 'Belum Dibayar', NULL, '2025-11-05 11:19:08', '2025-11-05 11:19:08'),
(46, 50, 'QRIS', 'Sudah Dibayar', 'bukti/epHzkOdZHDOldxcZSUVDAvKDf2oTVjdbvNDqfp9e.jpg', '2025-11-05 11:20:09', '2025-11-05 11:20:36'),
(47, 51, 'Tunai', 'Sudah Dibayar', NULL, '2025-11-05 12:12:13', '2025-11-05 12:12:34'),
(48, 52, 'QRIS', 'Belum Dibayar', 'bukti/krROTd8NCVK6ZkdB1jJCRaePVMYwU0EK4S2kM5CT.jpg', '2025-11-05 13:51:43', '2025-11-05 13:51:43'),
(49, 53, 'Tunai', 'Belum Dibayar', NULL, '2025-11-05 15:00:54', '2025-11-05 15:00:54'),
(50, 54, 'Tunai', 'Sudah Dibayar', NULL, '2025-11-06 00:12:58', '2025-11-06 00:13:16'),
(51, 58, 'Tunai', 'Belum Dibayar', NULL, '2025-11-11 19:31:54', '2025-11-11 19:31:54'),
(52, 59, 'QRIS', 'Belum Dibayar', 'bukti/xygcYzPAIIob7KUTbO4ewBpd7RCBIqTQjN6ngRQQ.jpg', '2025-11-12 00:06:48', '2025-11-12 00:06:48'),
(53, 60, 'Tunai', 'Sudah Dibayar', NULL, '2025-11-12 00:07:51', '2025-11-12 00:08:37'),
(54, 61, 'Tunai', 'Sudah Dibayar', NULL, '2025-11-12 00:09:09', '2025-11-12 00:09:22'),
(55, 62, 'QRIS', 'Sudah Dibayar', 'bukti/gdiD25LGhIE9RJhuyGU71xfQKOlkIYpICxLFVWOw.jpg', '2025-11-12 00:25:05', '2025-11-12 00:28:23'),
(56, 63, 'Tunai', 'Sudah Dibayar', NULL, '2025-11-12 00:32:16', '2025-11-12 00:32:19'),
(57, 64, 'Tunai', 'Sudah Dibayar', NULL, '2025-11-12 12:00:36', '2025-11-12 12:00:58'),
(58, 65, 'Tunai', 'Sudah Dibayar', NULL, '2025-11-12 12:01:41', '2025-11-12 12:07:11'),
(59, 66, 'QRIS', 'Sudah Dibayar', NULL, '2025-11-12 13:02:51', '2025-11-12 13:02:58'),
(60, 67, 'Tunai', 'Sudah Dibayar', NULL, '2025-11-12 13:11:46', '2025-11-12 13:12:00'),
(61, 68, 'Tunai', 'Sudah Dibayar', NULL, '2025-11-12 13:19:26', '2025-11-12 13:20:13'),
(62, 69, 'Tunai', 'Belum Dibayar', NULL, '2025-11-12 13:39:57', '2025-11-12 13:39:57'),
(63, 70, 'Tunai', 'Sudah Dibayar', NULL, '2025-11-12 14:14:41', '2025-11-12 14:14:49'),
(64, 71, 'Tunai', 'Sudah Dibayar', NULL, '2025-11-12 14:21:47', '2025-11-12 14:21:52'),
(65, 72, 'QRIS', 'Belum Dibayar', 'bukti/PqGHuDC28eTBuhKXDMAjZnu43EGXQmL6qLht7DE3.jpg', '2025-11-12 17:04:37', '2025-11-12 17:04:37'),
(66, 76, 'Tunai', 'Belum Dibayar', NULL, '2025-11-12 17:39:16', '2025-11-12 17:39:16'),
(67, 81, 'Tunai', 'Sudah Dibayar', NULL, '2025-11-12 17:45:14', '2025-11-12 17:45:30'),
(68, 82, 'Tunai', 'Belum Dibayar', NULL, '2025-11-12 17:47:44', '2025-11-12 17:47:44'),
(69, 83, 'QRIS', 'Sudah Dibayar', 'bukti/9IbvZFiXagSUVE29KuyrX2j7N3tNKx9m7yHh3Evh.jpg', '2025-11-12 23:55:46', '2025-11-12 23:56:02'),
(70, 84, 'Tunai', 'Sudah Dibayar', NULL, '2025-11-16 16:33:16', '2025-11-16 16:33:51'),
(71, 85, 'Tunai', 'Sudah Dibayar', NULL, '2025-11-17 12:15:47', '2025-11-17 12:17:12'),
(72, 86, 'QRIS', 'Sudah Dibayar', 'bukti/feuEed9MTPk0vCYZOh5RUuek3v8wtDNegjYUBZUK.jpg', '2025-11-17 12:21:50', '2025-11-17 12:22:13'),
(73, 87, 'Tunai', 'Sudah Dibayar', NULL, '2025-11-17 14:05:07', '2025-11-17 14:05:16'),
(74, 88, 'Tunai', 'Sudah Dibayar', NULL, '2025-11-17 14:06:43', '2025-11-17 14:06:48'),
(75, 89, 'Tunai', 'Sudah Dibayar', NULL, '2025-11-17 14:16:40', '2025-11-17 14:16:47'),
(76, 90, 'Tunai', 'Sudah Dibayar', NULL, '2025-11-17 14:44:42', '2025-11-17 14:44:50'),
(77, 91, 'Tunai', 'Sudah Dibayar', NULL, '2025-11-17 15:01:32', '2025-11-17 15:01:39'),
(78, 92, 'QRIS', 'Sudah Dibayar', 'bukti/vlzgCp7KEmtphwbTaxtGbb0OB7CgZ7HmlDR10HLh.jpg', '2025-11-19 15:56:00', '2025-11-19 15:57:34'),
(79, 93, 'Tunai', 'Sudah Dibayar', NULL, '2025-11-19 15:59:39', '2025-11-19 15:59:46'),
(80, 94, 'QRIS', 'Sudah Dibayar', NULL, '2025-11-19 16:03:42', '2025-11-19 16:03:59'),
(81, 95, 'QRIS', 'Sudah Dibayar', 'bukti/aAYohuWnsHXG87PwWMUCOUJbsHqpqD5MRluJv7On.jpg', '2025-11-22 19:02:10', '2025-11-22 19:02:22'),
(82, 96, 'Tunai', 'Sudah Dibayar', NULL, '2025-11-22 19:21:38', '2025-11-22 19:24:54'),
(83, 97, 'Tunai', 'Sudah Dibayar', NULL, '2025-11-22 19:26:13', '2025-11-22 19:26:37'),
(84, 98, 'QRIS', 'Sudah Dibayar', 'bukti/K1MZJ8DldtO7auKEPIdEAoapG6QiRFg7mDBfs58O.jpg', '2025-11-24 06:04:38', '2025-11-24 06:04:45'),
(85, 99, 'Tunai', 'Sudah Dibayar', NULL, '2025-11-24 06:06:39', '2025-11-24 06:06:46'),
(86, 100, 'Tunai', 'Sudah Dibayar', NULL, '2025-12-16 14:56:35', '2025-12-16 14:56:59'),
(87, 101, 'QRIS', 'Sudah Dibayar', 'bukti/Xzc0b12JqJZM4H3qeYSEiMYVAelvc42nSKDx9Bd9.jpg', '2025-12-16 16:53:09', '2025-12-16 16:53:26'),
(88, 102, 'Tunai', 'Sudah Dibayar', NULL, '2025-12-16 18:01:07', '2025-12-16 18:02:12'),
(89, 103, 'Tunai', 'Sudah Dibayar', NULL, '2025-12-16 18:01:54', '2025-12-16 18:02:01'),
(90, 104, 'Tunai', 'Sudah Dibayar', NULL, '2025-12-16 18:03:24', '2025-12-16 18:03:32'),
(91, 105, 'Tunai', 'Sudah Dibayar', NULL, '2025-12-16 18:23:41', '2025-12-16 18:23:56'),
(92, 106, 'Tunai', 'Sudah Dibayar', NULL, '2025-12-17 11:00:29', '2025-12-17 11:00:39'),
(93, 107, 'Tunai', 'Sudah Dibayar', NULL, '2025-12-17 14:56:22', '2025-12-17 14:56:55'),
(94, 108, 'Tunai', 'Sudah Dibayar', NULL, '2025-12-17 15:26:03', '2025-12-17 15:26:21');

-- --------------------------------------------------------

--
-- Table structure for table `pesanan`
--

CREATE TABLE `pesanan` (
  `idPesanan` bigint(20) UNSIGNED NOT NULL,
  `idPelanggan` bigint(20) UNSIGNED DEFAULT NULL,
  `idKasir` bigint(20) UNSIGNED DEFAULT NULL,
  `tanggalPesanan` datetime NOT NULL DEFAULT current_timestamp(),
  `statusPesanan` varchar(255) NOT NULL DEFAULT 'Diproses',
  `totalPembayaran` int(11) NOT NULL DEFAULT 0,
  `noAntrean` int(11) DEFAULT NULL,
  `lokasiGPS` varchar(255) DEFAULT NULL,
  `sumberPesanan` varchar(255) DEFAULT NULL,
  `created_at` timestamp NULL DEFAULT NULL,
  `updated_at` timestamp NULL DEFAULT NULL
) ENGINE=InnoDB DEFAULT CHARSET=utf8mb4 COLLATE=utf8mb4_unicode_ci;

--
-- Dumping data for table `pesanan`
--

INSERT INTO `pesanan` (`idPesanan`, `idPelanggan`, `idKasir`, `tanggalPesanan`, `statusPesanan`, `totalPembayaran`, `noAntrean`, `lokasiGPS`, `sumberPesanan`, `created_at`, `updated_at`) VALUES
(8, 8, 3, '2025-10-22 17:29:18', 'Selesai', 0, NULL, NULL, 'Kasir', '2025-10-22 10:29:18', '2025-10-22 10:29:36'),
(9, NULL, NULL, '2025-10-22 20:26:19', 'Diproses', 0, NULL, NULL, 'Pelanggan', '2025-10-22 13:26:19', '2025-10-22 13:26:19'),
(10, NULL, NULL, '2025-10-22 20:34:32', 'Diproses', 0, NULL, NULL, 'Pelanggan', '2025-10-22 13:34:32', '2025-10-22 13:34:32'),
(11, NULL, NULL, '2025-10-22 20:34:44', 'Diproses', 0, 1, NULL, 'Pelanggan', '2025-10-22 13:34:44', '2025-10-22 13:43:53'),
(12, NULL, NULL, '2025-10-22 20:46:32', 'Diproses', 0, 2, NULL, 'Pelanggan', '2025-10-22 13:46:32', '2025-10-22 13:46:40'),
(13, NULL, NULL, '2025-10-22 20:53:41', 'Diproses', 0, 3, NULL, 'Pelanggan', '2025-10-22 13:53:41', '2025-10-22 13:53:48'),
(14, NULL, NULL, '2025-10-22 21:44:34', 'Diproses', 0, 4, NULL, 'Pelanggan', '2025-10-22 14:44:34', '2025-10-22 14:44:39'),
(15, NULL, NULL, '2025-10-22 22:01:27', 'Diproses', 0, 5, NULL, 'Pelanggan', '2025-10-22 15:01:27', '2025-10-22 15:01:34'),
(16, NULL, NULL, '2025-10-22 22:09:34', 'Selesai', 0, 6, NULL, 'Pelanggan', '2025-10-22 15:09:34', '2025-10-22 15:09:51'),
(17, NULL, NULL, '2025-10-22 22:22:38', 'Selesai', 0, 7, NULL, 'Pelanggan', '2025-10-22 15:22:38', '2025-10-22 15:29:24'),
(18, NULL, NULL, '2025-10-22 22:33:56', 'Selesai', 0, 8, NULL, 'Pelanggan', '2025-10-22 15:33:56', '2025-10-22 15:34:11'),
(20, NULL, NULL, '2025-10-22 23:00:19', 'Selesai', 0, 9, NULL, 'Pelanggan', '2025-10-22 16:00:19', '2025-10-22 16:00:37'),
(21, NULL, NULL, '2025-10-22 23:02:13', 'Selesai', 0, 10, NULL, 'Pelanggan', '2025-10-22 16:02:13', '2025-10-22 16:02:30'),
(22, NULL, NULL, '2025-10-23 02:41:14', 'Selesai', 0, 1, NULL, 'Pelanggan', '2025-10-22 19:41:14', '2025-10-22 19:41:44'),
(23, 9, 3, '2025-10-23 02:42:27', 'Diproses', 0, NULL, NULL, 'Kasir', '2025-10-22 19:42:27', '2025-10-22 19:42:27'),
(24, NULL, NULL, '2025-10-23 14:21:04', 'Selesai', 0, 2, NULL, 'Pelanggan', '2025-10-23 07:21:04', '2025-10-23 07:21:33'),
(25, 11, NULL, '2025-10-29 09:43:45', 'Diproses', 25000, NULL, '-6.2816256,106.6500096', 'Pelanggan', '2025-10-29 02:43:45', '2025-10-29 02:43:45'),
(26, 12, NULL, '2025-10-29 10:21:12', 'Selesai', 15000, 1, NULL, 'Ditempat', '2025-10-29 03:21:12', '2025-10-29 03:21:42'),
(27, 15, NULL, '2025-10-29 10:32:29', 'Selesai', 22000, 2, '-6.2816256,106.6500096', 'Ditempat', '2025-10-29 03:32:29', '2025-10-29 03:33:02'),
(28, 16, NULL, '2025-10-29 10:44:38', 'Selesai', 27000, 3, '-6.2816256,106.6500096', 'Ditempat', '2025-10-29 03:44:38', '2025-10-29 03:45:34'),
(29, 17, NULL, '2025-10-29 11:18:14', 'Sudah Sampai', 27000, 4, '-6.2971402,106.7404703', 'Ditempat', '2025-10-29 04:18:14', '2025-10-29 04:19:15'),
(30, 18, NULL, '2025-10-29 11:19:41', 'Selesai', 15000, 5, NULL, 'Ditempat', '2025-10-29 04:19:41', '2025-10-29 04:19:55'),
(31, 19, NULL, '2025-10-29 11:27:20', 'Sudah Sampai', 27000, 6, '-6.2816256,106.6500096', 'Ditempat', '2025-10-29 04:27:20', '2025-10-29 04:28:44'),
(32, 21, NULL, '2025-10-29 12:41:17', 'Diproses', 27000, NULL, '-6.2816256,106.6500096', 'Ditempat', '2025-10-29 05:41:17', '2025-10-29 05:41:17'),
(33, 21, NULL, '2025-10-29 12:41:41', 'Diproses', 27000, NULL, '-6.2816256,106.6500096', 'Ditempat', '2025-10-29 05:41:41', '2025-10-29 05:41:41'),
(34, 22, NULL, '2025-10-29 12:42:55', 'Diproses', 27000, NULL, '-6.2971329,106.7404669', 'Ditempat', '2025-10-29 05:42:55', '2025-10-29 05:42:55'),
(35, 23, NULL, '2025-10-29 12:44:41', 'Diproses', 22000, NULL, '-6.2816256,106.6500096', 'Ditempat', '2025-10-29 05:44:41', '2025-10-29 05:44:41'),
(36, 24, NULL, '2025-10-29 12:57:24', 'Selesai', 15000, 7, NULL, 'Ditempat', '2025-10-29 05:57:24', '2025-10-29 05:57:38'),
(37, 25, 3, '2025-10-29 12:59:15', 'Selesai', 0, 8, NULL, 'Kasir', '2025-10-29 05:59:15', '2025-10-29 05:59:26'),
(38, 26, NULL, '2025-10-29 13:17:40', 'Diproses', 27000, 9, '-6.2971384,106.7404704', 'Ditempat', '2025-10-29 06:17:40', '2025-10-29 06:18:06'),
(39, 27, NULL, '2025-10-30 18:00:10', 'Diproses', 15000, 1, NULL, 'Ditempat', '2025-10-30 11:00:10', '2025-10-30 11:00:42'),
(40, 28, NULL, '2025-10-30 18:02:56', 'Sudah Sampai', 27000, 2, '-6.2971451,106.740478', 'Ditempat', '2025-10-30 11:02:56', '2025-10-30 11:03:23'),
(41, 32, NULL, '2025-11-05 15:09:39', 'Diproses', 35000, NULL, NULL, 'Ditempat', '2025-11-05 08:09:39', '2025-11-05 08:09:39'),
(42, 33, NULL, '2025-11-05 15:24:18', 'Diproses', 35000, 1, NULL, 'Pelanggan', '2025-11-05 08:24:18', '2025-11-05 08:25:43'),
(43, 34, NULL, '2025-11-05 15:28:56', 'Diproses', 15000, NULL, NULL, 'Pelanggan', '2025-11-05 08:28:56', '2025-11-05 08:28:56'),
(44, 35, NULL, '2025-11-05 15:30:02', 'Diproses', 15000, NULL, NULL, 'Ditempat', '2025-11-05 08:30:02', '2025-11-05 08:30:02'),
(45, 40, 3, '2025-11-05 17:00:37', 'Diproses', 0, NULL, NULL, 'Kasir', '2025-11-05 10:00:37', '2025-11-05 10:00:37'),
(46, 41, 3, '2025-11-05 17:11:57', 'Diproses', 15000, 11, NULL, 'Kasir', '2025-11-05 10:11:57', '2025-11-05 10:11:57'),
(47, 42, 3, '2025-11-05 18:10:19', 'Diproses', 15000, 12, NULL, 'Kasir', '2025-11-05 11:10:19', '2025-11-05 11:10:19'),
(48, 43, 3, '2025-11-05 18:10:54', 'Diproses', 20000, 13, NULL, 'Kasir', '2025-11-05 11:10:54', '2025-11-05 11:10:54'),
(49, 44, 3, '2025-11-05 18:19:08', 'Diproses', 15000, 14, NULL, 'Kasir', '2025-11-05 11:19:08', '2025-11-05 11:19:08'),
(50, 45, NULL, '2025-11-05 18:20:08', 'Selesai', 15000, 15, NULL, 'Pelanggan', '2025-11-05 11:20:08', '2025-11-05 11:20:42'),
(51, 46, NULL, '2025-11-05 19:12:13', 'Selesai', 15000, 16, NULL, 'Pelanggan', '2025-11-05 12:12:13', '2025-11-05 12:12:51'),
(52, 50, NULL, '2025-11-05 20:51:43', 'Diproses', 23000, NULL, '-6.2980096,106.7024384', 'Pelanggan', '2025-11-05 13:51:43', '2025-11-05 13:51:43'),
(53, 52, NULL, '2025-11-05 22:00:53', 'Diproses', 30000, NULL, NULL, 'Pelanggan', '2025-11-05 15:00:53', '2025-11-05 15:00:53'),
(54, 55, NULL, '2025-11-06 07:12:58', 'Selesai', 20000, 1, NULL, 'Pelanggan', '2025-11-06 00:12:58', '2025-11-06 00:13:18'),
(55, 58, NULL, '2025-11-11 19:19:37', 'Diproses', 20000, NULL, NULL, 'Pelanggan', '2025-11-11 19:19:37', '2025-11-11 19:19:37'),
(56, 58, NULL, '2025-11-11 19:19:43', 'Diproses', 20000, NULL, NULL, 'Pelanggan', '2025-11-11 19:19:43', '2025-11-11 19:19:43'),
(57, 58, NULL, '2025-11-11 19:31:46', 'Diproses', 20000, NULL, NULL, 'Pelanggan', '2025-11-11 19:31:46', '2025-11-11 19:31:46'),
(58, 58, NULL, '2025-11-11 19:31:54', 'Diproses', 20000, NULL, NULL, 'Pelanggan', '2025-11-11 19:31:54', '2025-11-11 19:31:54'),
(59, 61, NULL, '2025-11-12 00:06:48', 'Diproses', 20000, NULL, NULL, 'Pelanggan', '2025-11-12 00:06:48', '2025-11-12 00:06:48'),
(60, 62, 3, '2025-11-12 00:07:51', 'Diproses', 20000, 17, NULL, 'Kasir', '2025-11-12 00:07:51', '2025-11-12 00:07:51'),
(61, 63, NULL, '2025-11-12 00:09:09', 'Diproses', 20000, 18, NULL, 'Pelanggan', '2025-11-12 00:09:09', '2025-11-12 00:09:22'),
(62, 65, NULL, '2025-11-12 00:25:05', 'Sudah Sampai', 29000, 19, '-6.275072,106.6500096', 'Pelanggan', '2025-11-12 00:25:05', '2025-11-12 00:28:57'),
(63, 66, NULL, '2025-11-12 00:32:16', 'Selesai', 20000, 20, NULL, 'Pelanggan', '2025-11-12 00:32:16', '2025-11-12 00:32:24'),
(64, 71, NULL, '2025-11-12 12:00:36', 'Selesai', 40000, 21, NULL, 'Pelanggan', '2025-11-12 12:00:36', '2025-11-12 12:01:04'),
(65, 72, NULL, '2025-11-12 12:01:41', 'Selesai', 20000, 22, NULL, 'Pelanggan', '2025-11-12 12:01:41', '2025-11-12 12:08:02'),
(66, 73, 3, '2025-11-12 13:02:51', 'Diproses', 40000, 23, NULL, 'Kasir', '2025-11-12 13:02:51', '2025-11-12 13:06:20'),
(67, 74, 3, '2025-11-12 13:11:46', 'Selesai', 20000, 24, NULL, 'Kasir', '2025-11-12 13:11:46', '2025-11-12 13:11:58'),
(68, 77, NULL, '2025-11-12 13:19:26', 'Selesai', 15000, 25, NULL, 'Pelanggan', '2025-11-12 13:19:26', '2025-11-12 13:21:05'),
(69, 79, 3, '2025-11-12 13:39:57', 'Diproses', 20000, 26, NULL, 'Kasir', '2025-11-12 13:39:57', '2025-11-12 13:39:57'),
(70, 80, NULL, '2025-11-12 14:14:41', 'Selesai', 15000, 27, NULL, 'Pelanggan', '2025-11-12 14:14:41', '2025-11-12 14:14:51'),
(71, 81, NULL, '2025-11-12 14:21:47', 'Selesai', 20000, 28, NULL, 'Pelanggan', '2025-11-12 14:21:47', '2025-11-12 14:21:54'),
(72, 82, NULL, '2025-11-12 17:04:37', 'Diproses', 20000, NULL, NULL, 'Pelanggan', '2025-11-12 17:04:37', '2025-11-12 17:04:37'),
(73, 83, NULL, '2025-11-12 17:36:36', 'Diproses', 35000, NULL, NULL, 'Pelanggan', '2025-11-12 17:36:36', '2025-11-12 17:36:36'),
(74, 84, NULL, '2025-11-12 17:37:29', 'Diproses', 20000, NULL, NULL, 'Pelanggan', '2025-11-12 17:37:29', '2025-11-12 17:37:29'),
(75, 84, NULL, '2025-11-12 17:38:36', 'Diproses', 20000, NULL, NULL, 'Pelanggan', '2025-11-12 17:38:36', '2025-11-12 17:38:36'),
(76, 85, NULL, '2025-11-12 17:39:16', 'Diproses', 15000, NULL, NULL, 'Pelanggan', '2025-11-12 17:39:16', '2025-11-12 17:39:16'),
(77, 84, NULL, '2025-11-12 17:39:38', 'Diproses', 20000, NULL, NULL, 'Pelanggan', '2025-11-12 17:39:38', '2025-11-12 17:39:38'),
(78, 83, NULL, '2025-11-12 17:42:16', 'Diproses', 35000, NULL, NULL, 'Pelanggan', '2025-11-12 17:42:16', '2025-11-12 17:42:16'),
(79, 86, NULL, '2025-11-12 17:42:28', 'Diproses', 20000, NULL, NULL, 'Pelanggan', '2025-11-12 17:42:28', '2025-11-12 17:42:28'),
(80, 83, NULL, '2025-11-12 17:42:41', 'Diproses', 35000, NULL, NULL, 'Pelanggan', '2025-11-12 17:42:41', '2025-11-12 17:42:41'),
(81, 87, NULL, '2025-11-12 17:45:14', 'Selesai', 20000, 29, NULL, 'Pelanggan', '2025-11-12 17:45:14', '2025-11-12 17:45:32'),
(82, 88, NULL, '2025-11-12 17:47:44', 'Diproses', 15000, NULL, NULL, 'Pelanggan', '2025-11-12 17:47:44', '2025-11-12 17:47:44'),
(83, 91, NULL, '2025-11-13 06:55:46', 'Selesai', 15000, 1, NULL, 'Pelanggan', '2025-11-12 23:55:46', '2025-11-12 23:56:07'),
(84, 102, NULL, '2025-11-16 23:33:16', 'Selesai', 20000, 1, NULL, 'Pelanggan', '2025-11-16 16:33:16', '2025-11-16 16:34:05'),
(85, 110, NULL, '2025-11-17 19:15:47', 'Sudah Sampai', 29000, 1, '-6.275072,106.6500096', 'Pelanggan', '2025-11-17 12:15:47', '2025-11-17 12:18:52'),
(86, 111, NULL, '2025-11-17 19:21:50', 'Selesai', 20000, 2, NULL, 'Pelanggan', '2025-11-17 12:21:50', '2025-11-17 12:22:28'),
(87, 112, NULL, '2025-11-17 21:05:07', 'Selesai', 20000, 3, NULL, 'Pelanggan', '2025-11-17 14:05:07', '2025-11-17 14:05:18'),
(88, 113, NULL, '2025-11-17 21:06:43', 'Selesai', 15000, 4, NULL, 'Pelanggan', '2025-11-17 14:06:43', '2025-11-17 14:06:50'),
(89, 114, NULL, '2025-11-17 21:16:40', 'Selesai', 20000, 5, NULL, 'Pelanggan', '2025-11-17 14:16:40', '2025-11-17 14:16:48'),
(90, 115, NULL, '2025-11-17 21:44:42', 'Selesai', 20000, 6, NULL, 'Pelanggan', '2025-11-17 14:44:42', '2025-11-17 14:44:51'),
(91, 116, NULL, '2025-11-17 22:01:32', 'Selesai', 15000, 7, NULL, 'Pelanggan', '2025-11-17 15:01:32', '2025-11-17 15:01:44'),
(92, 127, NULL, '2025-11-19 22:56:00', 'Sudah Sampai', 29000, 1, '-6.2717952,106.6500096', 'Pelanggan', '2025-11-19 15:56:00', '2025-11-19 15:58:09'),
(93, 128, NULL, '2025-11-19 22:59:39', 'Selesai', 20000, 2, NULL, 'Pelanggan', '2025-11-19 15:59:39', '2025-11-19 15:59:57'),
(94, 130, 3, '2025-11-19 23:03:42', 'Selesai', 60000, 30, NULL, 'Kasir', '2025-11-19 16:03:42', '2025-11-19 16:04:02'),
(95, 131, NULL, '2025-11-23 02:02:10', 'Selesai', 15000, 1, NULL, 'Pelanggan', '2025-11-22 19:02:10', '2025-11-22 19:02:29'),
(96, 132, NULL, '2025-11-23 02:21:37', 'Selesai', 15000, 2, NULL, 'Pelanggan', '2025-11-22 19:21:37', '2025-11-22 19:24:55'),
(97, 134, NULL, '2025-11-23 02:26:13', 'Selesai', 15000, 3, NULL, 'Pelanggan', '2025-11-22 19:26:13', '2025-11-22 19:26:39'),
(98, 135, NULL, '2025-11-24 13:04:38', 'Selesai', 15000, 1, NULL, 'Pelanggan', '2025-11-24 06:04:38', '2025-11-24 06:05:29'),
(99, 136, NULL, '2025-11-24 13:06:39', 'Sudah Sampai', 22000, 2, '-6.3504384,106.6991616', 'Pelanggan', '2025-11-24 06:06:39', '2025-11-24 06:07:14'),
(100, 145, NULL, '2025-12-16 21:56:35', 'Selesai', 15000, 1, NULL, 'Pelanggan', '2025-12-16 14:56:35', '2025-12-16 14:57:07'),
(101, 146, NULL, '2025-12-16 23:53:09', 'Diproses', 24000, 2, '-6.2783488,106.6532864', 'Pelanggan', '2025-12-16 16:53:09', '2025-12-16 16:53:26'),
(102, 147, NULL, '2025-12-17 01:01:07', 'Diproses', 15000, 2, NULL, 'Pelanggan', '2025-12-16 18:01:07', '2025-12-16 18:02:12'),
(103, 148, NULL, '2025-12-17 01:01:54', 'Diproses', 20000, 1, '-6.2971953,106.7404334', 'Pelanggan', '2025-12-16 18:01:54', '2025-12-16 18:02:01'),
(104, 149, NULL, '2025-12-17 01:03:24', 'Diproses', 29000, 3, '-6.2783488,106.6532864', 'Pelanggan', '2025-12-16 18:03:24', '2025-12-16 18:03:32'),
(105, 150, NULL, '2025-12-17 01:23:41', 'Selesai', 15000, 4, NULL, 'Pelanggan', '2025-12-16 18:23:41', '2025-12-16 18:24:05'),
(106, 151, NULL, '2025-12-17 18:00:29', 'Diproses', 29000, 5, '-6.2783488,106.6532864', 'Pelanggan', '2025-12-17 11:00:29', '2025-12-17 11:00:39'),
(107, 152, NULL, '2025-12-17 21:56:22', 'Diproses', 15000, 6, NULL, 'Pelanggan', '2025-12-17 14:56:22', '2025-12-17 14:56:55'),
(108, 153, NULL, '2025-12-17 22:26:03', 'Diproses', 29000, 7, '-6.2783488,106.6532864', 'Pelanggan', '2025-12-17 15:26:03', '2025-12-17 15:26:21');

-- --------------------------------------------------------

--
-- Table structure for table `sessions`
--

CREATE TABLE `sessions` (
  `id` varchar(255) NOT NULL,
  `user_id` bigint(20) UNSIGNED DEFAULT NULL,
  `ip_address` varchar(45) DEFAULT NULL,
  `user_agent` text DEFAULT NULL,
  `payload` longtext NOT NULL,
  `last_activity` int(11) NOT NULL
) ENGINE=InnoDB DEFAULT CHARSET=utf8mb4 COLLATE=utf8mb4_unicode_ci;

--
-- Dumping data for table `sessions`
--

INSERT INTO `sessions` (`id`, `user_id`, `ip_address`, `user_agent`, `payload`, `last_activity`) VALUES
('3C13yUJvkaPEa6VksOqmAxwt4kEGK82kcVrGqyjC', NULL, '54.86.66.252', 'Mozilla/5.0 (Macintosh; Intel Mac OS X 10_10_1) AppleWebKit/600.1.25 (KHTML, like Gecko) Version/8.0 Safari/600.1.25', 'YTo0OntzOjY6Il90b2tlbiI7czo0MDoiOXAzZmRaZGd6cmNhWlhjb0pabHByQTByWUxPZ09RaTNoTTVQb2NnUiI7czozOiJ1cmwiO2E6MTp7czo4OiJpbnRlbmRlZCI7czo0NjoiaHR0cHM6Ly9jb3JuZG9nbWF4eC53ZWIuaWQva2FzaXIvaW5wdXQtcGVzYW5hbiI7fXM6OToiX3ByZXZpb3VzIjthOjE6e3M6MzoidXJsIjtzOjQ2OiJodHRwczovL2Nvcm5kb2dtYXh4LndlYi5pZC9rYXNpci9pbnB1dC1wZXNhbmFuIjt9czo2OiJfZmxhc2giO2E6Mjp7czozOiJvbGQiO2E6MDp7fXM6MzoibmV3IjthOjA6e319fQ==', 1766149989),
('3cCzbgLBxrPZmZXWMwVNtK9kcXgc7k406KoYj7V0', NULL, '192.36.248.249', 'Mozilla/5.0 (iPhone; CPU iPhone OS 16_3 like Mac OS X) AppleWebKit/605.1.15 (KHTML, like Gecko) CriOS/122.0.6261.89 Mobile/15E148 Safari/604', 'YTozOntzOjY6Il90b2tlbiI7czo0MDoiaFA1S1V5THFpZUo5bzlwcnRQemFRTjJWcTFTaURkZGhPQXpQUVM5TyI7czo5OiJfcHJldmlvdXMiO2E6MTp7czozOiJ1cmwiO3M6MjU6Imh0dHA6Ly9jb3JuZG9nbWF4eC53ZWIuaWQiO31zOjY6Il9mbGFzaCI7YToyOntzOjM6Im9sZCI7YTowOnt9czozOiJuZXciO2E6MDp7fX19', 1766229192),
('3DKdtBp7f8FYv6nlFTg4GkVeItC5PjvcOejTg0wo', NULL, '54.209.60.63', 'Mozilla/5.0 (Macintosh; Intel Mac OS X 10_10_1) AppleWebKit/600.1.25 (KHTML, like Gecko) Version/8.0 Safari/600.1.25', 'YTo1OntzOjY6Il90b2tlbiI7czo0MDoiYUFHWWUwZmRmb2F3WXVLZ0JRTGZZV3hTU2FaR3VMcFB2ZlA0NkgyeiI7czo0OiJjYXJ0IjthOjA6e31zOjE2OiJ0b3RhbF9wZW1iYXlhcmFuIjtpOjA7czo5OiJfcHJldmlvdXMiO2E6MTp7czozOiJ1cmwiO3M6NDE6Imh0dHBzOi8vY29ybmRvZ21heHgud2ViLmlkL3BlbGFuZ2dhbi9jYXJ0Ijt9czo2OiJfZmxhc2giO2E6Mjp7czozOiJvbGQiO2E6MDp7fXM6MzoibmV3IjthOjA6e319fQ==', 1766153112),
('3LMVIFGX4HKcMz1VyP9sWfwz8L82ut2rt3gxdGRD', NULL, '54.209.60.63', 'Mozilla/5.0 (Macintosh; Intel Mac OS X 10_10_1) AppleWebKit/600.1.25 (KHTML, like Gecko) Version/8.0 Safari/600.1.25', 'YTo0OntzOjY6Il90b2tlbiI7czo0MDoiQzBqc2hQbmdqUU5RTkRpQjkwaUZFS0tmbmdyU0VlTkYxZnBrYk5rZiI7czozOiJ1cmwiO2E6MTp7czo4OiJpbnRlbmRlZCI7czo0MzoiaHR0cHM6Ly9jb3JuZG9nbWF4eC53ZWIuaWQvc2V0dGluZ3MvcHJvZmlsZSI7fXM6OToiX3ByZXZpb3VzIjthOjE6e3M6MzoidXJsIjtzOjQzOiJodHRwczovL2Nvcm5kb2dtYXh4LndlYi5pZC9zZXR0aW5ncy9wcm9maWxlIjt9czo2OiJfZmxhc2giO2E6Mjp7czozOiJvbGQiO2E6MDp7fXM6MzoibmV3IjthOjA6e319fQ==', 1766149862),
('4CEHn6wyFcTyzbelKCmWdeQRCEhQMNOJmsnBmbZb', NULL, '54.209.60.63', 'Mozilla/5.0 (Macintosh; Intel Mac OS X 10_10_1) AppleWebKit/600.1.25 (KHTML, like Gecko) Version/8.0 Safari/600.1.25', 'YTozOntzOjY6Il90b2tlbiI7czo0MDoiMFBuQWJxdVdNblBxTGVhU0I1YUFxZERmUzRWME14eGtVTEQyd292TCI7czo5OiJfcHJldmlvdXMiO2E6MTp7czozOiJ1cmwiO3M6MzI6Imh0dHBzOi8vY29ybmRvZ21heHgud2ViLmlkL2xvZ2luIjt9czo2OiJfZmxhc2giO2E6Mjp7czozOiJvbGQiO2E6MDp7fXM6MzoibmV3IjthOjA6e319fQ==', 1766152693),
('4hm9pZd2O2Y5E74eHDgn0fMS1bZufFB35KHPRUZh', NULL, '184.72.115.35', 'Mozilla/5.0 (Macintosh; Intel Mac OS X 10_10_1) AppleWebKit/600.1.25 (KHTML, like Gecko) Version/8.0 Safari/600.1.25', 'YTozOntzOjY6Il90b2tlbiI7czo0MDoiQkRsRE44RzBObjN6R1hpNU85WnFqR29MT2pSRzZKWXNiQ3FES1dBOSI7czo5OiJfcHJldmlvdXMiO2E6MTp7czozOiJ1cmwiO3M6MzI6Imh0dHBzOi8vY29ybmRvZ21heHgud2ViLmlkL2xvZ2luIjt9czo2OiJfZmxhc2giO2E6Mjp7czozOiJvbGQiO2E6MDp7fXM6MzoibmV3IjthOjA6e319fQ==', 1766149706),
('5OHtzPu1uNSQ2eT78qVxJjb2kAuRFCjKSrfargDS', NULL, '98.86.110.200', 'Mozilla/5.0 (X11; Linux x86_64) AppleWebKit/602.1 (KHTML, like Gecko) splash Version/10.0 Safari/602.1', 'YTozOntzOjY6Il90b2tlbiI7czo0MDoiczlZcm5hRHF5ejR5NE40bWZ4SWZDWjdFWTA4TGFETThOam1McEplSyI7czo5OiJfcHJldmlvdXMiO2E6MTp7czozOiJ1cmwiO3M6MjY6Imh0dHBzOi8vY29ybmRvZ21heHgud2ViLmlkIjt9czo2OiJfZmxhc2giO2E6Mjp7czozOiJvbGQiO2E6MDp7fXM6MzoibmV3IjthOjA6e319fQ==', 1766156071),
('6l29nLXrrdrtxXaFhBZj3cwqL79ZXfd9HR3aROg1', NULL, '199.47.82.17', 'Turnitin (https://bit.ly/2UvnfoQ)', 'YTozOntzOjY6Il90b2tlbiI7czo0MDoiRzVkU1AwU2ZxTk5xdklzY1dzVEpPQ3FDeTY0QllUcXVsS1NQYXNFSyI7czo5OiJfcHJldmlvdXMiO2E6MTp7czozOiJ1cmwiO3M6MzI6Imh0dHBzOi8vY29ybmRvZ21heHgud2ViLmlkL2xvZ2luIjt9czo2OiJfZmxhc2giO2E6Mjp7czozOiJvbGQiO2E6MDp7fXM6MzoibmV3IjthOjA6e319fQ==', 1766155409),
('7BhTJTOwgPVVgZZjJOB1VUua9uFYhvc9g9jvcbhI', NULL, '184.72.115.35', 'Mozilla/5.0 (Macintosh; Intel Mac OS X 10_10_1) AppleWebKit/600.1.25 (KHTML, like Gecko) Version/8.0 Safari/600.1.25', 'YTozOntzOjY6Il90b2tlbiI7czo0MDoibnVqOTJabWhMdWQ4OUhmbWNRYWJRb1laeERhb0hiTGhYbTB3Y1ltUyI7czo5OiJfcHJldmlvdXMiO2E6MTp7czozOiJ1cmwiO3M6MzI6Imh0dHBzOi8vY29ybmRvZ21heHgud2ViLmlkL2xvZ2luIjt9czo2OiJfZmxhc2giO2E6Mjp7czozOiJvbGQiO2E6MDp7fXM6MzoibmV3IjthOjA6e319fQ==', 1766149694),
('bnOy8jjVlnRkqrJaujiOjuqwARN0QZoHiYCZV3wC', NULL, '54.175.74.27', 'Mozilla/5.0 (Macintosh; Intel Mac OS X 10_10_1) AppleWebKit/600.1.25 (KHTML, like Gecko) Version/8.0 Safari/600.1.25', 'YTozOntzOjY6Il90b2tlbiI7czo0MDoiUVBNMVB1RGZUNzVZN2NpMzRGcWJhVmpqalFPclhjaUkzRGd0RDhObyI7czo5OiJfcHJldmlvdXMiO2E6MTp7czozOiJ1cmwiO3M6NDE6Imh0dHBzOi8vY29ybmRvZ21heHgud2ViLmlkL3BlbGFuZ2dhbi9tZW51Ijt9czo2OiJfZmxhc2giO2E6Mjp7czozOiJvbGQiO2E6MDp7fXM6MzoibmV3IjthOjA6e319fQ==', 1766150342),
('CBrRAib6HZaqBPgoxOeeX3EAiGcfatJHafqVzSgN', NULL, '91.92.243.236', 'Mozilla/5.0 (Windows NT 10.0; Win64; x64; rv:71.0) Gecko/20100101 Firefox/71.0', 'YTozOntzOjY6Il90b2tlbiI7czo0MDoiN0NJVlJUcjNLdGRJR2NhYlZlOHBhcVNHN2lDMWZ3b3UxbGpiNHpRRSI7czo5OiJfcHJldmlvdXMiO2E6MTp7czozOiJ1cmwiO3M6MjY6Imh0dHBzOi8vY29ybmRvZ21heHgud2ViLmlkIjt9czo2OiJfZmxhc2giO2E6Mjp7czozOiJvbGQiO2E6MDp7fXM6MzoibmV3IjthOjA6e319fQ==', 1766149657),
('cvPlSLae0FwelUvEqNX0ux7yEOgqgEVTqsbtPdI5', NULL, '205.169.39.16', 'Mozilla/5.0 (Windows NT 10.0; Win64; x64) AppleWebKit/537.36 (KHTML, like Gecko) Chrome/117.0.5938.132 Safari/537.36', 'YTozOntzOjY6Il90b2tlbiI7czo0MDoiTXoxcFlIT1VQbFR6QkVyaWxGYlRRUmtFem5NN2RPdlNpYVBDTFJJUSI7czo5OiJfcHJldmlvdXMiO2E6MTp7czozOiJ1cmwiO3M6Mjk6Imh0dHA6Ly93d3cuY29ybmRvZ21heHgud2ViLmlkIjt9czo2OiJfZmxhc2giO2E6Mjp7czozOiJvbGQiO2E6MDp7fXM6MzoibmV3IjthOjA6e319fQ==', 1766151012),
('CykR3yVSTabwyAdyadKy6DECZRBRZcRFyaaYFGZS', NULL, '184.72.115.35', 'Mozilla/5.0 (Macintosh; Intel Mac OS X 10_10_1) AppleWebKit/600.1.25 (KHTML, like Gecko) Version/8.0 Safari/600.1.25', 'YTo0OntzOjY6Il90b2tlbiI7czo0MDoiTVlZcnFXY3R6VExZb1M2cTdieUhTTm1kc3ZpMnpjREVHdm52NGdXWCI7czozOiJ1cmwiO2E6MTp7czo4OiJpbnRlbmRlZCI7czozMToiaHR0cHM6Ly9jb3JuZG9nbWF4eC53ZWIuaWQvYXJlcyI7fXM6OToiX3ByZXZpb3VzIjthOjE6e3M6MzoidXJsIjtzOjMxOiJodHRwczovL2Nvcm5kb2dtYXh4LndlYi5pZC9hcmVzIjt9czo2OiJfZmxhc2giO2E6Mjp7czozOiJvbGQiO2E6MDp7fXM6MzoibmV3IjthOjA6e319fQ==', 1766149704),
('FJ0z4t9mqcGQ3zk3SbIFyhZY6EaDj6MY6k4GjKh7', NULL, '198.235.24.208', 'Hello from Palo Alto Networks, find out more about our scans in https://docs-cortex.paloaltonetworks.com/r/1/Cortex-Xpanse/Scanning-activity', 'YTozOntzOjY6Il90b2tlbiI7czo0MDoiNmhGdnpOdjQ0Sk51ajk4SDNyYXdQdGtkczVHM0hxTENUeU1vZGlYNiI7czo5OiJfcHJldmlvdXMiO2E6MTp7czozOiJ1cmwiO3M6MzA6Imh0dHBzOi8vd3d3LmNvcm5kb2dtYXh4LndlYi5pZCI7fXM6NjoiX2ZsYXNoIjthOjI6e3M6Mzoib2xkIjthOjA6e31zOjM6Im5ldyI7YTowOnt9fX0=', 1766216165),
('GbK0Egs4PmftRGp9cNusqUqWhjCaprI3NDifxKln', NULL, '184.72.121.156', 'Mozilla/5.0 (Macintosh; Intel Mac OS X 10_10_1) AppleWebKit/600.1.25 (KHTML, like Gecko) Version/8.0 Safari/600.1.25', 'YTozOntzOjY6Il90b2tlbiI7czo0MDoiNjdsSzAyR2Rpd2JBZ09Yd2Y5RHR4bGk4N09ydkEyb1NHQ2duc2ZIWCI7czo5OiJfcHJldmlvdXMiO2E6MTp7czozOiJ1cmwiO3M6NDY6Imh0dHBzOi8vY29ybmRvZ21heHgud2ViLmlkL3BlbGFuZ2dhbi9xdWV1ZS8xMDgiO31zOjY6Il9mbGFzaCI7YToyOntzOjM6Im9sZCI7YTowOnt9czozOiJuZXciO2E6MDp7fX19', 1766149559),
('hUthwqGULpykc1j2lfMwBKlWsEsRI1tT0W6VtXKS', NULL, '54.175.74.27', 'Mozilla/5.0 (Macintosh; Intel Mac OS X 10_10_1) AppleWebKit/600.1.25 (KHTML, like Gecko) Version/8.0 Safari/600.1.25', 'YTozOntzOjY6Il90b2tlbiI7czo0MDoiaURiaGlwUmpNbGtpUmRLcndTdG1ncG5MMVdlVkgyMDJSdzljZFRPdSI7czo5OiJfcHJldmlvdXMiO2E6MTp7czozOiJ1cmwiO3M6MzI6Imh0dHBzOi8vY29ybmRvZ21heHgud2ViLmlkL2xvZ2luIjt9czo2OiJfZmxhc2giO2E6Mjp7czozOiJvbGQiO2E6MDp7fXM6MzoibmV3IjthOjA6e319fQ==', 1766150191),
('iFcpFqglc7Eh2RvTOe3yGv4GhYjjqlczE1Rz3M5h', NULL, '198.235.24.30', 'Hello from Palo Alto Networks, find out more about our scans in https://docs-cortex.paloaltonetworks.com/r/1/Cortex-Xpanse/Scanning-activity', 'YTozOntzOjY6Il90b2tlbiI7czo0MDoiMHJ3TGFVcGFKaFA5eFBYck9Cc09BTHUzQmdSWVpiZVBLNnZYREpjOCI7czo5OiJfcHJldmlvdXMiO2E6MTp7czozOiJ1cmwiO3M6MzA6Imh0dHA6Ly9tYWlsLmNvcm5kb2dtYXh4LndlYi5pZCI7fXM6NjoiX2ZsYXNoIjthOjI6e3M6Mzoib2xkIjthOjA6e31zOjM6Im5ldyI7YTowOnt9fX0=', 1766239924),
('IvVmHliPosQR9UcxeMEPY3jbUEkYXXpuDE5FnwJ3', NULL, '54.175.74.27', 'Mozilla/5.0 (Macintosh; Intel Mac OS X 10_10_1) AppleWebKit/600.1.25 (KHTML, like Gecko) Version/8.0 Safari/600.1.25', 'YTozOntzOjY6Il90b2tlbiI7czo0MDoiMHVVaEdHQzVRZEkyRHFFTUVyRGs0N2k3QUxHMmVpVU4xS2d5U3F2ViI7czo5OiJfcHJldmlvdXMiO2E6MTp7czozOiJ1cmwiO3M6MzI6Imh0dHBzOi8vY29ybmRvZ21heHgud2ViLmlkL2xvZ2luIjt9czo2OiJfZmxhc2giO2E6Mjp7czozOiJvbGQiO2E6MDp7fXM6MzoibmV3IjthOjA6e319fQ==', 1766153885),
('jYM2r8zxYn1pfaIUdz8RdV3hejxjKvyOb9y9uM0t', NULL, '54.86.66.252', 'Mozilla/5.0 (Macintosh; Intel Mac OS X 10_10_1) AppleWebKit/600.1.25 (KHTML, like Gecko) Version/8.0 Safari/600.1.25', 'YTozOntzOjY6Il90b2tlbiI7czo0MDoiRkNCSXZuQzBVV1ppMUpXbVVRcm5ST2hmemZ6dzU1SFJTMkVqVU9IQyI7czo5OiJfcHJldmlvdXMiO2E6MTp7czozOiJ1cmwiO3M6NTA6Imh0dHBzOi8vY29ybmRvZ21heHgud2ViLmlkL3BlbGFuZ2dhbi9jdXN0b21pemF0aW9uIjt9czo2OiJfZmxhc2giO2E6Mjp7czozOiJvbGQiO2E6MDp7fXM6MzoibmV3IjthOjA6e319fQ==', 1766152902),
('LcvozkIDfgEDOK0O2qXrWEEsGBgfHaUNnVjwVoJ7', NULL, '54.86.66.252', 'Mozilla/5.0 (Macintosh; Intel Mac OS X 10_10_1) AppleWebKit/600.1.25 (KHTML, like Gecko) Version/8.0 Safari/600.1.25', 'YTo0OntzOjY6Il90b2tlbiI7czo0MDoiWjZabHp1TVBXQzVKWHRxQTV1eGtITkNNdk54djZpOG56N2dZWHdSVCI7czozOiJ1cmwiO2E6MTp7czo4OiJpbnRlbmRlZCI7czo0NzoiaHR0cHM6Ly9jb3JuZG9nbWF4eC53ZWIuaWQva2FzaXIvZGFmdGFyLXBlc2FuYW4iO31zOjk6Il9wcmV2aW91cyI7YToxOntzOjM6InVybCI7czo0NzoiaHR0cHM6Ly9jb3JuZG9nbWF4eC53ZWIuaWQva2FzaXIvZGFmdGFyLXBlc2FuYW4iO31zOjY6Il9mbGFzaCI7YToyOntzOjM6Im9sZCI7YTowOnt9czozOiJuZXciO2E6MDp7fX19', 1766149422),
('MN7ghcWBYn0A2kDRZOKmelndrHbwdMO10NUIn4dr', NULL, '74.7.243.230', 'Mozilla/5.0 AppleWebKit/537.36 (KHTML, like Gecko; compatible; GPTBot/1.3; +https://openai.com/gptbot)', 'YTozOntzOjY6Il90b2tlbiI7czo0MDoia3RFQ1F2cG0zaFdMbVFqTU1wMEk2T2NKSzB3WDFYZWVia0dFNkEzeCI7czo5OiJfcHJldmlvdXMiO2E6MTp7czozOiJ1cmwiO3M6MjY6Imh0dHBzOi8vY29ybmRvZ21heHgud2ViLmlkIjt9czo2OiJfZmxhc2giO2E6Mjp7czozOiJvbGQiO2E6MDp7fXM6MzoibmV3IjthOjA6e319fQ==', 1766167923),
('Nqzb9lFpmRbKzjFS9ImnBQdAxXKTB5iMC1QjXGYT', NULL, '54.175.74.27', 'Mozilla/5.0 (Macintosh; Intel Mac OS X 10_10_1) AppleWebKit/600.1.25 (KHTML, like Gecko) Version/8.0 Safari/600.1.25', 'YTo0OntzOjY6Il90b2tlbiI7czo0MDoicjI5VTR6bUFkVTBGUkk1UDFWZVpXNE9ScTl0bVpmbVdscWhmRTJBNyI7czozOiJ1cmwiO2E6MTp7czo4OiJpbnRlbmRlZCI7czo0NjoiaHR0cHM6Ly9jb3JuZG9nbWF4eC53ZWIuaWQvc2V0dGluZ3MvYXBwZWFyYW5jZSI7fXM6OToiX3ByZXZpb3VzIjthOjE6e3M6MzoidXJsIjtzOjQ2OiJodHRwczovL2Nvcm5kb2dtYXh4LndlYi5pZC9zZXR0aW5ncy9hcHBlYXJhbmNlIjt9czo2OiJfZmxhc2giO2E6Mjp7czozOiJvbGQiO2E6MDp7fXM6MzoibmV3IjthOjA6e319fQ==', 1766150190),
('OnPjnQ9IE0BPjrVq17yBigdEP4I8QiNb4ljV8sZ5', NULL, '54.86.66.252', 'Mozilla/5.0 (Macintosh; Intel Mac OS X 10_10_1) AppleWebKit/600.1.25 (KHTML, like Gecko) Version/8.0 Safari/600.1.25', 'YTozOntzOjY6Il90b2tlbiI7czo0MDoiRGpZTnYzZFhVbklka3NnR09HZ21iVE0xZDN4MFllVkRJQ2JkcWgxaCI7czo5OiJfcHJldmlvdXMiO2E6MTp7czozOiJ1cmwiO3M6NDY6Imh0dHBzOi8vY29ybmRvZ21heHgud2ViLmlkL3BlbGFuZ2dhbi9xdWV1ZS8xMDYiO31zOjY6Il9mbGFzaCI7YToyOntzOjM6Im9sZCI7YTowOnt9czozOiJuZXciO2E6MDp7fX19', 1766157961),
('Pdik59iNXWDqIzZ11ZxTFBujLBLHTrQOfcNYBpC8', NULL, '205.210.31.31', '', 'YTozOntzOjY6Il90b2tlbiI7czo0MDoiR0hKNlprSWhUaVpzSThXSExwckdtRlViWmdSSUNNTjlkZ2Y5b1JBOSI7czo5OiJfcHJldmlvdXMiO2E6MTp7czozOiJ1cmwiO3M6MjU6Imh0dHA6Ly9jb3JuZG9nbWF4eC53ZWIuaWQiO31zOjY6Il9mbGFzaCI7YToyOntzOjM6Im9sZCI7YTowOnt9czozOiJuZXciO2E6MDp7fX19', 1766227293),
('QJSiIToN3iWugfcc1QcSiqZsCSwW3C4sb6OQY8Rp', NULL, '51.254.204.161', 'Mozilla/5.0', 'YTozOntzOjY6Il90b2tlbiI7czo0MDoibXpiU3BheDlGTTVmZEs1S3BhbXNQT1k3MkRjc3ZCQnlNTWVGYWdvSiI7czo5OiJfcHJldmlvdXMiO2E6MTp7czozOiJ1cmwiO3M6MjY6Imh0dHBzOi8vY29ybmRvZ21heHgud2ViLmlkIjt9czo2OiJfZmxhc2giO2E6Mjp7czozOiJvbGQiO2E6MDp7fXM6MzoibmV3IjthOjA6e319fQ==', 1766203260),
('rN8jTaOMDpNemz1yYQF4bwe7R7C5vxYOSb0EhCOE', NULL, '199.47.82.17', 'Turnitin (https://bit.ly/2UvnfoQ)', 'YTo0OntzOjY6Il90b2tlbiI7czo0MDoiSnNWZHFYa1ZpVkNWOXU3bUd6TUFHWjZFMDRaUU1zR1F5Q0pXU0U5MyI7czozOiJ1cmwiO2E6MTp7czo4OiJpbnRlbmRlZCI7czozMToiaHR0cHM6Ly9jb3JuZG9nbWF4eC53ZWIuaWQvYXJlcyI7fXM6OToiX3ByZXZpb3VzIjthOjE6e3M6MzoidXJsIjtzOjMxOiJodHRwczovL2Nvcm5kb2dtYXh4LndlYi5pZC9hcmVzIjt9czo2OiJfZmxhc2giO2E6Mjp7czozOiJvbGQiO2E6MDp7fXM6MzoibmV3IjthOjA6e319fQ==', 1766155407),
('rsGf3tiRN4sKLomUxIf9HRjJJWf2cGDkk2yY0r9x', NULL, '54.209.60.63', 'Mozilla/5.0 (Macintosh; Intel Mac OS X 10_10_1) AppleWebKit/600.1.25 (KHTML, like Gecko) Version/8.0 Safari/600.1.25', 'YTozOntzOjY6Il90b2tlbiI7czo0MDoiSFZOazdKelRpUkdVU2o3Q2ZTeTZkMEpPRng3TWlWaWhiRHdpTkdVWCI7czo5OiJfcHJldmlvdXMiO2E6MTp7czozOiJ1cmwiO3M6MzI6Imh0dHBzOi8vY29ybmRvZ21heHgud2ViLmlkL2xvZ2luIjt9czo2OiJfZmxhc2giO2E6Mjp7czozOiJvbGQiO2E6MDp7fXM6MzoibmV3IjthOjA6e319fQ==', 1766149864),
('sCNrEise1VEuaNRmYmTpNSAGOZCU0Qji7ByJTLQ7', NULL, '54.175.74.27', 'Mozilla/5.0 (Macintosh; Intel Mac OS X 10_10_1) AppleWebKit/600.1.25 (KHTML, like Gecko) Version/8.0 Safari/600.1.25', 'YTo0OntzOjY6Il90b2tlbiI7czo0MDoiZ1hPTXMwd0FpRlVTMHpSTE13VVVsMURrMUtiNmhRanhJS3haYVp5eiI7czozOiJ1cmwiO2E6MTp7czo4OiJpbnRlbmRlZCI7czo0NDoiaHR0cHM6Ly9jb3JuZG9nbWF4eC53ZWIuaWQvc2V0dGluZ3MvcGFzc3dvcmQiO31zOjk6Il9wcmV2aW91cyI7YToxOntzOjM6InVybCI7czo0NDoiaHR0cHM6Ly9jb3JuZG9nbWF4eC53ZWIuaWQvc2V0dGluZ3MvcGFzc3dvcmQiO31zOjY6Il9mbGFzaCI7YToyOntzOjM6Im9sZCI7YTowOnt9czozOiJuZXciO2E6MDp7fX19', 1766153883),
('sOOTI0U1VKNf4DmtN0yoVKTPCtqVt4DEm6Wc5b3d', NULL, '104.196.224.149', 'Mozilla/5.0 (Linux; Android 12; Pixel 6) AppleWebKit/537.36 (KHTML, like Gecko) Chrome/114.0.0.0 Mobile Safari/537.36', 'YTozOntzOjY6Il90b2tlbiI7czo0MDoiVXdURjdlanNOSWVQZ2tRd3YzeVF4NlF2WWwxck5tUk11SjRoNlJYYyI7czo5OiJfcHJldmlvdXMiO2E6MTp7czozOiJ1cmwiO3M6MjY6Imh0dHBzOi8vY29ybmRvZ21heHgud2ViLmlkIjt9czo2OiJfZmxhc2giO2E6Mjp7czozOiJvbGQiO2E6MDp7fXM6MzoibmV3IjthOjA6e319fQ==', 1766200608),
('sw9BOpobXu9NZwpesFqmJzzcBJvJ3Z1cwGGyFAM0', NULL, '54.209.60.63', 'Mozilla/5.0 (Macintosh; Intel Mac OS X 10_10_1) AppleWebKit/600.1.25 (KHTML, like Gecko) Version/8.0 Safari/600.1.25', 'YTo0OntzOjY6Il90b2tlbiI7czo0MDoiWVhvamh5MVF0cFo5VWNhbXIzcTZGUmJDS2V6a1NtWllDYXZ2eGxaTyI7czozOiJ1cmwiO2E6MTp7czo4OiJpbnRlbmRlZCI7czo0MzoiaHR0cHM6Ly9jb3JuZG9nbWF4eC53ZWIuaWQva2FzaXIvbGloYXQtc3RvayI7fXM6OToiX3ByZXZpb3VzIjthOjE6e3M6MzoidXJsIjtzOjQzOiJodHRwczovL2Nvcm5kb2dtYXh4LndlYi5pZC9rYXNpci9saWhhdC1zdG9rIjt9czo2OiJfZmxhc2giO2E6Mjp7czozOiJvbGQiO2E6MDp7fXM6MzoibmV3IjthOjA6e319fQ==', 1766152691),
('u6MHwR8lY2EDfNIYnz9CnUTOVOR4D2yDdhOekTv9', NULL, '3.233.59.216', 'RecordedFuture Global Inventory Crawler', 'YTozOntzOjY6Il90b2tlbiI7czo0MDoiTjN2VERSczFPbFdBZmlCVGx6cVlib1JsVEpNSzZRRWpzZThFR0lVUiI7czo5OiJfcHJldmlvdXMiO2E6MTp7czozOiJ1cmwiO3M6MzE6Imh0dHBzOi8vbWFpbC5jb3JuZG9nbWF4eC53ZWIuaWQiO31zOjY6Il9mbGFzaCI7YToyOntzOjM6Im9sZCI7YTowOnt9czozOiJuZXciO2E6MDp7fX19', 1766206115),
('VtFjBQkNrf1TnF6nIBDyqbdSzAs2bVSxJtdQsQ4X', NULL, '199.47.82.17', 'Turnitin (https://bit.ly/2UvnfoQ)', 'YTozOntzOjY6Il90b2tlbiI7czo0MDoiUGVBZlVCdGp6WlRXTHpCSk9KMEVYQWtlalgwYndsRWtUWWg3Z3FReCI7czo5OiJfcHJldmlvdXMiO2E6MTp7czozOiJ1cmwiO3M6MjY6Imh0dHBzOi8vY29ybmRvZ21heHgud2ViLmlkIjt9czo2OiJfZmxhc2giO2E6Mjp7czozOiJvbGQiO2E6MDp7fXM6MzoibmV3IjthOjA6e319fQ==', 1766155407),
('wkVReQmn1Zl3xLEy8KTsZshxDQZPOKzGIBTHB0NP', NULL, '98.86.110.200', 'Mozilla/5.0 (X11; U; Linux i686; en-US; rv:1.9.1.16) Gecko/20120421 Gecko Firefox/11.0', 'YTozOntzOjY6Il90b2tlbiI7czo0MDoiNjJhZjdXV21VeUdkZ3dybmNnQ0x1Ym5vaTRhamo4dFpvcVR5eGx6YyI7czo5OiJfcHJldmlvdXMiO2E6MTp7czozOiJ1cmwiO3M6MjU6Imh0dHA6Ly9jb3JuZG9nbWF4eC53ZWIuaWQiO31zOjY6Il9mbGFzaCI7YToyOntzOjM6Im9sZCI7YTowOnt9czozOiJuZXciO2E6MDp7fX19', 1766156071),
('WYHXi1f5PcFmS3T3o4nWkBEHdd5T8ZLDcGRNld1c', NULL, '98.86.110.200', 'SAMSUNG-SGH-E250/1.0 Profile/MIDP-2.0 Configuration/CLDC-1.1 UP.Browser/6.2.3.3.c.1.101 (GUI) MMP/2.0 (compatible; Googlebot-Mobile/2.1;  http://www.google.com/bot.html)', 'YTozOntzOjY6Il90b2tlbiI7czo0MDoiSlNoR3NBN1M0RU5YeEVvREhibnViWVJMb01KbVM2SU4xYTYwR1VQSyI7czo5OiJfcHJldmlvdXMiO2E6MTp7czozOiJ1cmwiO3M6MjU6Imh0dHA6Ly9jb3JuZG9nbWF4eC53ZWIuaWQiO31zOjY6Il9mbGFzaCI7YToyOntzOjM6Im9sZCI7YTowOnt9czozOiJuZXciO2E6MDp7fX19', 1766156072),
('Yi83B1Hk6JoS0anf26pEINC4DqcZ2yCODNt0GMif', NULL, '184.72.121.156', 'Mozilla/5.0 (Macintosh; Intel Mac OS X 10_10_1) AppleWebKit/600.1.25 (KHTML, like Gecko) Version/8.0 Safari/600.1.25', 'YTozOntzOjY6Il90b2tlbiI7czo0MDoieXAxUTBPNXc5SkFtQVVPczB2NDlKMjVldG55MW55WHFGWVJPTDd1USI7czo5OiJfcHJldmlvdXMiO2E6MTp7czozOiJ1cmwiO3M6NDQ6Imh0dHBzOi8vY29ybmRvZ21heHgud2ViLmlkL3BlbGFuZ2dhbi9wYXltZW50Ijt9czo2OiJfZmxhc2giO2E6Mjp7czozOiJvbGQiO2E6MDp7fXM6MzoibmV3IjthOjA6e319fQ==', 1766152941),
('YiZvj6FUzIg3fYY6FyWG4kHVUvFBfdx2L2gZJaga', NULL, '54.209.60.63', 'Mozilla/5.0 (Macintosh; Intel Mac OS X 10_10_1) AppleWebKit/600.1.25 (KHTML, like Gecko) Version/8.0 Safari/600.1.25', 'YTozOntzOjY6Il90b2tlbiI7czo0MDoiNlpIQUJ0SXdhTFNxSHlWU0RJV21UWmd4d1I5TzhKdjVyT0dIVmdYYiI7czo5OiJfcHJldmlvdXMiO2E6MTp7czozOiJ1cmwiO3M6NDQ6Imh0dHBzOi8vY29ybmRvZ21heHgud2ViLmlkL3BlbGFuZ2dhbi9hZGRyZXNzIjt9czo2OiJfZmxhc2giO2E6Mjp7czozOiJvbGQiO2E6MDp7fXM6MzoibmV3IjthOjA6e319fQ==', 1766149851),
('ykM4opSZihTaaiIZgkeBIG0SBR0KcR7adIDnHJCB', NULL, '104.196.224.149', 'Mozilla/5.0 (Linux; Android 12; Pixel 6) AppleWebKit/537.36 (KHTML, like Gecko) Chrome/114.0.0.0 Mobile Safari/537.36', 'YTozOntzOjY6Il90b2tlbiI7czo0MDoicG9RTjFWTkp1MnhObXFRRFlxRWlXbVp6NFR3TTZFZW1MR2N5dkVCdyI7czo5OiJfcHJldmlvdXMiO2E6MTp7czozOiJ1cmwiO3M6MjY6Imh0dHBzOi8vY29ybmRvZ21heHgud2ViLmlkIjt9czo2OiJfZmxhc2giO2E6Mjp7czozOiJvbGQiO2E6MDp7fXM6MzoibmV3IjthOjA6e319fQ==', 1766198140),
('YYygUofMFRkQjKzWaemIaA4qfkMvjr2mDm6yyUyK', NULL, '192.71.36.158', 'Mozilla/5.0 (Linux; Android 12; SAMSUNG SM-A415F) AppleWebKit/537.36 (KHTML, like Gecko) SamsungBrowser/23.0 Chrome/115.0.0.0 Mobile Safari/537.3', 'YTozOntzOjY6Il90b2tlbiI7czo0MDoiVlAyWXdQR3pydmREYXFYRTRwWTd1bmxqQ085WDRPOHRVWjNOR1RBYiI7czo5OiJfcHJldmlvdXMiO2E6MTp7czozOiJ1cmwiO3M6MjU6Imh0dHA6Ly9jb3JuZG9nbWF4eC53ZWIuaWQiO31zOjY6Il9mbGFzaCI7YToyOntzOjM6Im9sZCI7YTowOnt9czozOiJuZXciO2E6MDp7fX19', 1766242790),
('z2ss3ZwAFxKhdHmvLEb2cqF0zfsZb5LJoQ75YE5y', NULL, '198.235.24.5', '', 'YTozOntzOjY6Il90b2tlbiI7czo0MDoiTjVoVzcwMGYySFpSWEdnaUgycDVRem8yNzRQSm9nRzBqdUpmSUozeCI7czo5OiJfcHJldmlvdXMiO2E6MTp7czozOiJ1cmwiO3M6Mjk6Imh0dHA6Ly93d3cuY29ybmRvZ21heHgud2ViLmlkIjt9czo2OiJfZmxhc2giO2E6Mjp7czozOiJvbGQiO2E6MDp7fXM6MzoibmV3IjthOjA6e319fQ==', 1766237983);

-- --------------------------------------------------------

--
-- Table structure for table `stok`
--

CREATE TABLE `stok` (
  `idStok` bigint(20) UNSIGNED NOT NULL,
  `idMenu` bigint(20) UNSIGNED NOT NULL,
  `idKasir` bigint(20) UNSIGNED NOT NULL,
  `jumlahStok` int(11) NOT NULL,
  `created_at` timestamp NULL DEFAULT NULL,
  `updated_at` timestamp NULL DEFAULT NULL
) ENGINE=InnoDB DEFAULT CHARSET=utf8mb4 COLLATE=utf8mb4_unicode_ci;

--
-- Dumping data for table `stok`
--

INSERT INTO `stok` (`idStok`, `idMenu`, `idKasir`, `jumlahStok`, `created_at`, `updated_at`) VALUES
(1, 1, 3, 0, NULL, '2025-12-17 15:26:03'),
(2, 2, 3, 0, NULL, '2025-11-12 13:39:57'),
(3, 3, 3, 9, '2025-11-05 17:04:54', '2025-12-17 12:11:48'),
(4, 4, 3, 7, '2025-11-05 17:04:54', '2025-12-17 14:56:22'),
(5, 5, 3, 7, '2025-11-05 17:04:54', '2025-12-17 11:00:29');

-- --------------------------------------------------------

--
-- Table structure for table `SubMenu`
--

CREATE TABLE `SubMenu` (
  `idSubMenu` int(50) NOT NULL,
  `idMenu` bigint(20) NOT NULL,
  `namaSubMenu` varchar(255) CHARACTER SET utf8mb4 COLLATE utf8mb4_unicode_ci NOT NULL,
  `hargaSubMenu` int(11) NOT NULL
) ENGINE=InnoDB DEFAULT CHARSET=latin1 COLLATE=latin1_swedish_ci;

--
-- Dumping data for table `SubMenu`
--

INSERT INTO `SubMenu` (`idSubMenu`, `idMenu`, `namaSubMenu`, `hargaSubMenu`) VALUES
(1, 1, 'Sosis Kentang', 20000),
(2, 2, 'Mozzarela', 20000),
(3, 3, 'Sosis', 15000),
(4, 4, 'Mix Sosis Mozzarela', 15000),
(5, 5, 'Mozzarela Kentang', 20000);

-- --------------------------------------------------------

--
-- Table structure for table `topping`
--

CREATE TABLE `topping` (
  `idTopping` bigint(20) UNSIGNED NOT NULL,
  `namaTopping` varchar(255) NOT NULL,
  `created_at` timestamp NULL DEFAULT NULL,
  `updated_at` timestamp NULL DEFAULT NULL
) ENGINE=InnoDB DEFAULT CHARSET=utf8mb4 COLLATE=utf8mb4_unicode_ci;

--
-- Dumping data for table `topping`
--

INSERT INTO `topping` (`idTopping`, `namaTopping`, `created_at`, `updated_at`) VALUES
(1, 'Mayo + Saus Sambal', NULL, NULL),
(2, 'Cokelat', NULL, NULL),
(3, 'Strawberry', NULL, NULL),
(4, 'Green Tea', NULL, NULL),
(5, 'Tiramisu', NULL, NULL),
(6, 'Taro', NULL, NULL),
(7, 'Tanpa Topping', NULL, NULL);

-- --------------------------------------------------------

--
-- Table structure for table `users`
--

CREATE TABLE `users` (
  `idKasir` bigint(20) UNSIGNED NOT NULL,
  `namaKasir` varchar(255) NOT NULL,
  `username` varchar(255) NOT NULL,
  `password` varchar(255) NOT NULL,
  `two_factor_secret` text DEFAULT NULL,
  `two_factor_recovery_codes` text DEFAULT NULL,
  `two_factor_confirmed_at` timestamp NULL DEFAULT NULL,
  `created_at` timestamp NULL DEFAULT NULL,
  `updated_at` timestamp NULL DEFAULT NULL
) ENGINE=InnoDB DEFAULT CHARSET=utf8mb4 COLLATE=utf8mb4_unicode_ci;

--
-- Dumping data for table `users`
--

INSERT INTO `users` (`idKasir`, `namaKasir`, `username`, `password`, `two_factor_secret`, `two_factor_recovery_codes`, `two_factor_confirmed_at`, `created_at`, `updated_at`) VALUES
(1, 'rory', 'ano', '$2y$12$X67pQuD9EG5xIUPOPcgmsOFLgKYJSjtNa33bKWrZTJoeGbEjDZ7BC', NULL, NULL, NULL, '2025-10-15 10:50:05', '2025-10-15 10:50:05'),
(3, 'yah', 'yaha', '$2y$12$Dc.b26wB7g8jUa/0jM811uDVpzC/yH3LXTcKXot9AXB9AtBZkBnWe', NULL, NULL, NULL, '2025-10-15 10:55:55', '2025-10-15 10:55:55');

--
-- Indexes for dumped tables
--

--
-- Indexes for table `cache`
--
ALTER TABLE `cache`
  ADD PRIMARY KEY (`key`);

--
-- Indexes for table `cache_locks`
--
ALTER TABLE `cache_locks`
  ADD PRIMARY KEY (`key`);

--
-- Indexes for table `itemPesanan`
--
ALTER TABLE `itemPesanan`
  ADD PRIMARY KEY (`idItem`),
  ADD KEY `itempesanan_idpesanan_foreign` (`idPesanan`),
  ADD KEY `itempesanan_idmenu_foreign` (`idMenu`),
  ADD KEY `itempesanan_idtopping_foreign` (`idTopping`);

--
-- Indexes for table `menu`
--
ALTER TABLE `menu`
  ADD PRIMARY KEY (`idMenu`);

--
-- Indexes for table `migrations`
--
ALTER TABLE `migrations`
  ADD PRIMARY KEY (`id`);

--
-- Indexes for table `pelanggan`
--
ALTER TABLE `pelanggan`
  ADD PRIMARY KEY (`idPelanggan`);

--
-- Indexes for table `pembayaran`
--
ALTER TABLE `pembayaran`
  ADD PRIMARY KEY (`idPembayaran`),
  ADD KEY `pembayaran_idpesanan_foreign` (`idPesanan`);

--
-- Indexes for table `pesanan`
--
ALTER TABLE `pesanan`
  ADD PRIMARY KEY (`idPesanan`),
  ADD KEY `pesanan_idpelanggan_foreign` (`idPelanggan`),
  ADD KEY `pesanan_idkasir_foreign` (`idKasir`);

--
-- Indexes for table `sessions`
--
ALTER TABLE `sessions`
  ADD PRIMARY KEY (`id`),
  ADD KEY `sessions_user_id_index` (`user_id`),
  ADD KEY `sessions_last_activity_index` (`last_activity`);

--
-- Indexes for table `stok`
--
ALTER TABLE `stok`
  ADD PRIMARY KEY (`idStok`),
  ADD KEY `stok_idmenu_foreign` (`idMenu`),
  ADD KEY `stok_idkasir_foreign` (`idKasir`);

--
-- Indexes for table `SubMenu`
--
ALTER TABLE `SubMenu`
  ADD PRIMARY KEY (`idSubMenu`),
  ADD KEY `submenu_idmenu_foreign` (`idMenu`) USING BTREE;

--
-- Indexes for table `topping`
--
ALTER TABLE `topping`
  ADD PRIMARY KEY (`idTopping`);

--
-- Indexes for table `users`
--
ALTER TABLE `users`
  ADD PRIMARY KEY (`idKasir`),
  ADD UNIQUE KEY `users_username_unique` (`username`);

--
-- AUTO_INCREMENT for dumped tables
--

--
-- AUTO_INCREMENT for table `itemPesanan`
--
ALTER TABLE `itemPesanan`
  MODIFY `idItem` bigint(20) UNSIGNED NOT NULL AUTO_INCREMENT, AUTO_INCREMENT=108;

--
-- AUTO_INCREMENT for table `menu`
--
ALTER TABLE `menu`
  MODIFY `idMenu` bigint(20) UNSIGNED NOT NULL AUTO_INCREMENT, AUTO_INCREMENT=6;

--
-- AUTO_INCREMENT for table `migrations`
--
ALTER TABLE `migrations`
  MODIFY `id` int(10) UNSIGNED NOT NULL AUTO_INCREMENT, AUTO_INCREMENT=15;

--
-- AUTO_INCREMENT for table `pelanggan`
--
ALTER TABLE `pelanggan`
  MODIFY `idPelanggan` bigint(20) UNSIGNED NOT NULL AUTO_INCREMENT, AUTO_INCREMENT=154;

--
-- AUTO_INCREMENT for table `pembayaran`
--
ALTER TABLE `pembayaran`
  MODIFY `idPembayaran` bigint(20) UNSIGNED NOT NULL AUTO_INCREMENT, AUTO_INCREMENT=95;

--
-- AUTO_INCREMENT for table `pesanan`
--
ALTER TABLE `pesanan`
  MODIFY `idPesanan` bigint(20) UNSIGNED NOT NULL AUTO_INCREMENT, AUTO_INCREMENT=109;

--
-- AUTO_INCREMENT for table `stok`
--
ALTER TABLE `stok`
  MODIFY `idStok` bigint(20) UNSIGNED NOT NULL AUTO_INCREMENT, AUTO_INCREMENT=6;

--
-- AUTO_INCREMENT for table `SubMenu`
--
ALTER TABLE `SubMenu`
  MODIFY `idSubMenu` int(50) NOT NULL AUTO_INCREMENT, AUTO_INCREMENT=6;

--
-- AUTO_INCREMENT for table `topping`
--
ALTER TABLE `topping`
  MODIFY `idTopping` bigint(20) UNSIGNED NOT NULL AUTO_INCREMENT, AUTO_INCREMENT=8;

--
-- AUTO_INCREMENT for table `users`
--
ALTER TABLE `users`
  MODIFY `idKasir` bigint(20) UNSIGNED NOT NULL AUTO_INCREMENT, AUTO_INCREMENT=4;

--
-- Constraints for dumped tables
--

--
-- Constraints for table `itemPesanan`
--
ALTER TABLE `itemPesanan`
  ADD CONSTRAINT `itempesanan_idmenu_foreign` FOREIGN KEY (`idMenu`) REFERENCES `menu` (`idMenu`) ON DELETE CASCADE,
  ADD CONSTRAINT `itempesanan_idpesanan_foreign` FOREIGN KEY (`idPesanan`) REFERENCES `pesanan` (`idPesanan`) ON DELETE CASCADE,
  ADD CONSTRAINT `itempesanan_idtopping_foreign` FOREIGN KEY (`idTopping`) REFERENCES `topping` (`idTopping`) ON DELETE SET NULL;

--
-- Constraints for table `pembayaran`
--
ALTER TABLE `pembayaran`
  ADD CONSTRAINT `pembayaran_idpesanan_foreign` FOREIGN KEY (`idPesanan`) REFERENCES `pesanan` (`idPesanan`) ON DELETE CASCADE;

--
-- Constraints for table `pesanan`
--
ALTER TABLE `pesanan`
  ADD CONSTRAINT `pesanan_idkasir_foreign` FOREIGN KEY (`idKasir`) REFERENCES `users` (`idKasir`) ON DELETE SET NULL,
  ADD CONSTRAINT `pesanan_idpelanggan_foreign` FOREIGN KEY (`idPelanggan`) REFERENCES `pelanggan` (`idPelanggan`) ON DELETE SET NULL;

--
-- Constraints for table `stok`
--
ALTER TABLE `stok`
  ADD CONSTRAINT `stok_idkasir_foreign` FOREIGN KEY (`idKasir`) REFERENCES `users` (`idKasir`) ON DELETE CASCADE,
  ADD CONSTRAINT `stok_idmenu_foreign` FOREIGN KEY (`idMenu`) REFERENCES `menu` (`idMenu`) ON DELETE CASCADE;
COMMIT;

/*!40101 SET CHARACTER_SET_CLIENT=@OLD_CHARACTER_SET_CLIENT */;
/*!40101 SET CHARACTER_SET_RESULTS=@OLD_CHARACTER_SET_RESULTS */;
/*!40101 SET COLLATION_CONNECTION=@OLD_COLLATION_CONNECTION */;
